Building MDiceV2.Interfaces...
  姝ｅ湪纭畾瑕佽繕鍘熺殑椤圭洰鈥?
  鎵€鏈夐」鐩潎鏄渶鏂扮殑锛屾棤娉曡繕鍘熴€?
  Generated version 0.2.5.4110 (info: 0.2.5.4110-beta) -> obj\Release\net10.0-windows\GeneratedVersion.g.cs
  MDiceV2.Interfaces -> C:\Users\Humulus.MSI\Documents\Mydata\Programming\MDiceV2\MDiceV2.Interfaces\bin\Release\net10.0-windows\MDiceV2.Interfaces.dll

宸叉垚鍔熺敓鎴愩€?
    0 涓鍛?
    0 涓敊璇?

宸茬敤鏃堕棿 00:00:01.03
Building MDiceV2.Core...
  姝ｅ湪纭畾瑕佽繕鍘熺殑椤圭洰鈥?
  鎵€鏈夐」鐩潎鏄渶鏂扮殑锛屾棤娉曡繕鍘熴€?
  Generated version 0.2.5.4111 (info: 0.2.5.4111-beta) -> obj\Release\net9.0\GeneratedVersion.g.cs
  Generated version 0.2.5.4112 (info: 0.2.5.4112-beta) -> obj\Release\net10.0-windows\GeneratedVersion.g.cs
  MDiceV2.Abstractions -> C:\Users\Humulus.MSI\Documents\Mydata\Programming\MDiceV2\MDiceV2.Abstractions\bin\Release\net9.0\MDiceV2.Abstractions.dll
  MDiceV2.Interfaces -> C:\Users\Humulus.MSI\Documents\Mydata\Programming\MDiceV2\MDiceV2.Interfaces\bin\Release\net10.0-windows\MDiceV2.Interfaces.dll
  Generated version 0.2.5.4113 (info: 0.2.5.4113-beta) -> obj\Release\net10.0-windows\win-x64\GeneratedVersion.g.cs
C:\Users\Humulus.MSI\Documents\Mydata\Programming\MDiceV2\MDiceV2.Core\obj\Release\net10.0-windows\win-x64\Avalonia.Generators\Avalonia.Generators.NameGenerator.AvaloniaNameSourceGenerator\MDiceV2.Core.UI.Views.AdjustableConfigContainer.g.cs(12,51): warning CS0108: 鈥淎djustableConfigContainer.Title鈥濋殣钘忕户鎵跨殑鎴愬憳鈥淐onfigContainer.Title鈥濄€傚鏋滄槸鏈夋剰闅愯棌锛岃浣跨敤鍏抽敭瀛?new銆?[C:\Users\Humulus.MSI\Documents\Mydata\Programming\MDiceV2\MDiceV2.Core\MDiceV2.Core.csproj]
C:\Users\Humulus.MSI\Documents\Mydata\Programming\MDiceV2\MDiceV2.Core\obj\Release\net10.0-windows\win-x64\Avalonia.Generators\Avalonia.Generators.NameGenerator.AvaloniaNameSourceGenerator\MDiceV2.Core.UI.Views.AdjustableConfigContainer.g.cs(14,51): warning CS0108: 鈥淎djustableConfigContainer.SearchButton鈥濋殣钘忕户鎵跨殑鎴愬憳鈥淐onfigContainer.SearchButton鈥濄€傚鏋滄槸鏈夋剰闅愯棌锛岃浣跨敤鍏抽敭瀛?new銆?[C:\Users\Humulus.MSI\Documents\Mydata\Programming\MDiceV2\MDiceV2.Core\MDiceV2.Core.csproj]
C:\Users\Humulus.MSI\Documents\Mydata\Programming\MDiceV2\MDiceV2.Core\obj\Release\net10.0-windows\win-x64\Avalonia.Generators\Avalonia.Generators.NameGenerator.AvaloniaNameSourceGenerator\MDiceV2.Core.UI.Views.AdjustableConfigContainer.g.cs(18,51): warning CS0108: 鈥淎djustableConfigContainer.HelpButton鈥濋殣钘忕户鎵跨殑鎴愬憳鈥淐onfigContainer.HelpButton鈥濄€傚鏋滄槸鏈夋剰闅愯棌锛岃浣跨敤鍏抽敭瀛?new銆?[C:\Users\Humulus.MSI\Documents\Mydata\Programming\MDiceV2\MDiceV2.Core\MDiceV2.Core.csproj]
C:\Users\Humulus.MSI\Documents\Mydata\Programming\MDiceV2\MDiceV2.Core\obj\Release\net10.0-windows\win-x64\Avalonia.Generators\Avalonia.Generators.NameGenerator.AvaloniaNameSourceGenerator\MDiceV2.Core.UI.Views.AdjustableConfigContainer.g.cs(20,51): warning CS0108: 鈥淎djustableConfigContainer.SearchPanel鈥濋殣钘忕户鎵跨殑鎴愬憳鈥淐onfigContainer.SearchPanel鈥濄€傚鏋滄槸鏈夋剰闅愯棌锛岃浣跨敤鍏抽敭瀛?new銆?[C:\Users\Humulus.MSI\Documents\Mydata\Programming\MDiceV2\MDiceV2.Core\MDiceV2.Core.csproj]
C:\Users\Humulus.MSI\Documents\Mydata\Programming\MDiceV2\MDiceV2.Core\obj\Release\net10.0-windows\win-x64\Avalonia.Generators\Avalonia.Generators.NameGenerator.AvaloniaNameSourceGenerator\MDiceV2.Core.UI.Views.AdjustableConfigContainer.g.cs(22,51): warning CS0108: 鈥淎djustableConfigContainer.FillArea鈥濋殣钘忕户鎵跨殑鎴愬憳鈥淐onfigContainer.FillArea鈥濄€傚鏋滄槸鏈夋剰闅愯棌锛岃浣跨敤鍏抽敭瀛?new銆?[C:\Users\Humulus.MSI\Documents\Mydata\Programming\MDiceV2\MDiceV2.Core\MDiceV2.Core.csproj]
C:\Users\Humulus.MSI\Documents\Mydata\Programming\MDiceV2\MDiceV2.Core\obj\Release\net10.0-windows\win-x64\Avalonia.Generators\Avalonia.Generators.NameGenerator.AvaloniaNameSourceGenerator\MDiceV2.Core.UI.Views.AdjustableConfigContainer.g.cs(24,49): warning CS0108: 鈥淎djustableConfigContainer.SearchControls鈥濋殣钘忕户鎵跨殑鎴愬憳鈥淐onfigContainer.SearchControls鈥濄€傚鏋滄槸鏈夋剰闅愯棌锛岃浣跨敤鍏抽敭瀛?new銆?[C:\Users\Humulus.MSI\Documents\Mydata\Programming\MDiceV2\MDiceV2.Core\MDiceV2.Core.csproj]
C:\Users\Humulus.MSI\Documents\Mydata\Programming\MDiceV2\MDiceV2.Core\obj\Release\net10.0-windows\win-x64\Avalonia.Generators\Avalonia.Generators.NameGenerator.AvaloniaNameSourceGenerator\MDiceV2.Core.UI.Views.AdjustableConfigContainer.g.cs(38,51): warning CS0108: 鈥淎djustableConfigContainer.HelpPanel鈥濋殣钘忕户鎵跨殑鎴愬憳鈥淐onfigContainer.HelpPanel鈥濄€傚鏋滄槸鏈夋剰闅愯棌锛岃浣跨敤鍏抽敭瀛?new銆?[C:\Users\Humulus.MSI\Documents\Mydata\Programming\MDiceV2\MDiceV2.Core\MDiceV2.Core.csproj]
C:\Users\Humulus.MSI\Documents\Mydata\Programming\MDiceV2\MDiceV2.Core\obj\Release\net10.0-windows\win-x64\Avalonia.Generators\Avalonia.Generators.NameGenerator.AvaloniaNameSourceGenerator\MDiceV2.Core.UI.Views.AdjustableConfigContainer.g.cs(40,51): warning CS0108: 鈥淎djustableConfigContainer.HelpFillArea鈥濋殣钘忕户鎵跨殑鎴愬憳鈥淐onfigContainer.HelpFillArea鈥濄€傚鏋滄槸鏈夋剰闅愯棌锛岃浣跨敤鍏抽敭瀛?new銆?[C:\Users\Humulus.MSI\Documents\Mydata\Programming\MDiceV2\MDiceV2.Core\MDiceV2.Core.csproj]
C:\Users\Humulus.MSI\Documents\Mydata\Programming\MDiceV2\MDiceV2.Core\obj\Release\net10.0-windows\win-x64\Avalonia.Generators\Avalonia.Generators.NameGenerator.AvaloniaNameSourceGenerator\MDiceV2.Core.UI.Views.AdjustableConfigContainer.g.cs(42,49): warning CS0108: 鈥淎djustableConfigContainer.HelpContent鈥濋殣钘忕户鎵跨殑鎴愬憳鈥淐onfigContainer.HelpContent鈥濄€傚鏋滄槸鏈夋剰闅愯棌锛岃浣跨敤鍏抽敭瀛?new銆?[C:\Users\Humulus.MSI\Documents\Mydata\Programming\MDiceV2\MDiceV2.Core\MDiceV2.Core.csproj]
C:\Users\Humulus.MSI\Documents\Mydata\Programming\MDiceV2\MDiceV2.Core\obj\Release\net10.0-windows\win-x64\Avalonia.Generators\Avalonia.Generators.NameGenerator.AvaloniaNameSourceGenerator\MDiceV2.Core.UI.Views.AdjustableConfigContainer.g.cs(44,54): warning CS0108: 鈥淎djustableConfigContainer.HelpTextBlock鈥濋殣钘忕户鎵跨殑鎴愬憳鈥淐onfigContainer.HelpTextBlock鈥濄€傚鏋滄槸鏈夋剰闅愯棌锛岃浣跨敤鍏抽敭瀛?new銆?[C:\Users\Humulus.MSI\Documents\Mydata\Programming\MDiceV2\MDiceV2.Core\MDiceV2.Core.csproj]
C:\Users\Humulus.MSI\Documents\Mydata\Programming\MDiceV2\MDiceV2.Core\obj\Release\net10.0-windows\win-x64\Avalonia.Generators\Avalonia.Generators.NameGenerator.AvaloniaNameSourceGenerator\MDiceV2.Core.UI.Views.AdjustableConfigContainer.g.cs(55,21): warning CS0108: 鈥淎djustableConfigContainer.InitializeComponent(bool)鈥濋殣钘忕户鎵跨殑鎴愬憳鈥淐onfigContainer.InitializeComponent(bool)鈥濄€傚鏋滄槸鏈夋剰闅愯棌锛岃浣跨敤鍏抽敭瀛?new銆?[C:\Users\Humulus.MSI\Documents\Mydata\Programming\MDiceV2\MDiceV2.Core\MDiceV2.Core.csproj]
C:\Users\Humulus.MSI\Documents\Mydata\Programming\MDiceV2\MDiceV2.Core\GameBattle\TurnManager.cs(44,24): warning CS8603: 鍙兘杩斿洖 null 寮曠敤銆?[C:\Users\Humulus.MSI\Documents\Mydata\Programming\MDiceV2\MDiceV2.Core\MDiceV2.Core.csproj]
C:\Users\Humulus.MSI\Documents\Mydata\Programming\MDiceV2\MDiceV2.Core\GameBattle\TurnManager.cs(49,24): warning CS8603: 鍙兘杩斿洖 null 寮曠敤銆?[C:\Users\Humulus.MSI\Documents\Mydata\Programming\MDiceV2\MDiceV2.Core\MDiceV2.Core.csproj]
C:\Users\Humulus.MSI\Documents\Mydata\Programming\MDiceV2\MDiceV2.Core\GameBattle\AIController.cs(92,47): warning CS8604: 鈥淟ist<string> AIController.PlaceCharacterRandomly(CharacterCard card)鈥濅腑鐨勫舰鍙傗€渃ard鈥濆彲鑳戒紶鍏?null 寮曠敤瀹炲弬銆?[C:\Users\Humulus.MSI\Documents\Mydata\Programming\MDiceV2\MDiceV2.Core\MDiceV2.Core.csproj]
C:\Users\Humulus.MSI\Documents\Mydata\Programming\MDiceV2\MDiceV2.Core\Infrastructure\ConfigSyncServer.cs(478,41): warning CS8601: 鍙兘鐨?null 寮曠敤璧嬪€笺€?[C:\Users\Humulus.MSI\Documents\Mydata\Programming\MDiceV2\MDiceV2.Core\MDiceV2.Core.csproj]
C:\Users\Humulus.MSI\Documents\Mydata\Programming\MDiceV2\MDiceV2.Core\Infrastructure\ConfigSyncServer.cs(484,45): warning CS8601: 鍙兘鐨?null 寮曠敤璧嬪€笺€?[C:\Users\Humulus.MSI\Documents\Mydata\Programming\MDiceV2\MDiceV2.Core\MDiceV2.Core.csproj]
C:\Users\Humulus.MSI\Documents\Mydata\Programming\MDiceV2\MDiceV2.Core\Infrastructure\LogBufferPool.cs(310,19): warning CS8618: 鍦ㄩ€€鍑烘瀯閫犲嚱鏁版椂锛屼笉鍙负 null 鐨?灞炴€?"ChannelName" 蹇呴』鍖呭惈闈?null 鍊笺€傝鑰冭檻娣诲姞 "required" 淇グ绗︽垨灏嗚 灞炴€?澹版槑涓哄彲涓?null銆?[C:\Users\Humulus.MSI\Documents\Mydata\Programming\MDiceV2\MDiceV2.Core\MDiceV2.Core.csproj]
C:\Users\Humulus.MSI\Documents\Mydata\Programming\MDiceV2\MDiceV2.Core\GameBattle\TurnManager.cs(178,77): warning CS8604: 鈥渟tring TurnManager.FormatCharacterInfo(Character character)鈥濅腑鐨勫舰鍙傗€渃haracter鈥濆彲鑳戒紶鍏?null 寮曠敤瀹炲弬銆?[C:\Users\Humulus.MSI\Documents\Mydata\Programming\MDiceV2\MDiceV2.Core\MDiceV2.Core.csproj]
C:\Users\Humulus.MSI\Documents\Mydata\Programming\MDiceV2\MDiceV2.Core\Infrastructure\LogBufferPool.cs(104,13): warning CS0618: 鈥淟ogBatcher.Enqueue(string)鈥濆凡杩囨椂:鈥滀娇鐢?EnqueueAsync 浠ｆ浛鈥?[C:\Users\Humulus.MSI\Documents\Mydata\Programming\MDiceV2\MDiceV2.Core\MDiceV2.Core.csproj]
C:\Users\Humulus.MSI\Documents\Mydata\Programming\MDiceV2\MDiceV2.Core\Infrastructure\ConfigSyncDispatcher.cs(63,41): warning CS8604: 鈥淭ask Func<string, string, Task>.Invoke(string arg1, string arg2)鈥濅腑鐨勫舰鍙傗€渁rg2鈥濆彲鑳戒紶鍏?null 寮曠敤瀹炲弬銆?[C:\Users\Humulus.MSI\Documents\Mydata\Programming\MDiceV2\MDiceV2.Core\MDiceV2.Core.csproj]
C:\Users\Humulus.MSI\Documents\Mydata\Programming\MDiceV2\MDiceV2.Core\Infrastructure\ConfigSyncDispatcher.cs(86,44): warning CS8604: 鈥淭ask Func<string, string, Task>.Invoke(string arg1, string arg2)鈥濅腑鐨勫舰鍙傗€渁rg2鈥濆彲鑳戒紶鍏?null 寮曠敤瀹炲弬銆?[C:\Users\Humulus.MSI\Documents\Mydata\Programming\MDiceV2\MDiceV2.Core\MDiceV2.Core.csproj]
C:\Users\Humulus.MSI\Documents\Mydata\Programming\MDiceV2\MDiceV2.Core\Infrastructure\LogBufferPool.cs(277,36): warning CS8618: 鍦ㄩ€€鍑烘瀯閫犲嚱鏁版椂锛屼笉鍙负 null 鐨?灞炴€?"ChannelStatistics" 蹇呴』鍖呭惈闈?null 鍊笺€傝鑰冭檻娣诲姞 "required" 淇グ绗︽垨灏嗚 灞炴€?澹版槑涓哄彲涓?null銆?[C:\Users\Humulus.MSI\Documents\Mydata\Programming\MDiceV2\MDiceV2.Core\MDiceV2.Core.csproj]
C:\Users\Humulus.MSI\Documents\Mydata\Programming\MDiceV2\MDiceV2.Core\GameBattle\TurnManager.cs(227,44): warning CS8604: 鈥渂ool Player.AddCharacterToField(Character character, FieldType fieldType)鈥濅腑鐨勫舰鍙傗€渃haracter鈥濆彲鑳戒紶鍏?null 寮曠敤瀹炲弬銆?[C:\Users\Humulus.MSI\Documents\Mydata\Programming\MDiceV2\MDiceV2.Core\MDiceV2.Core.csproj]
C:\Users\Humulus.MSI\Documents\Mydata\Programming\MDiceV2\MDiceV2.Core\GameBattle\GameStateSnapshot.cs(12,23): warning CS8618: 鍦ㄩ€€鍑烘瀯閫犲嚱鏁版椂锛屼笉鍙负 null 鐨?灞炴€?"Player2Id" 蹇呴』鍖呭惈闈?null 鍊笺€傝鑰冭檻娣诲姞 "required" 淇グ绗︽垨灏嗚 灞炴€?澹版槑涓哄彲涓?null銆?[C:\Users\Humulus.MSI\Documents\Mydata\Programming\MDiceV2\MDiceV2.Core\MDiceV2.Core.csproj]
C:\Users\Humulus.MSI\Documents\Mydata\Programming\MDiceV2\MDiceV2.Core\GameBattle\GameStateSnapshot.cs(14,23): warning CS8618: 鍦ㄩ€€鍑烘瀯閫犲嚱鏁版椂锛屼笉鍙负 null 鐨?灞炴€?"CurrentWeather" 蹇呴』鍖呭惈闈?null 鍊笺€傝鑰冭檻娣诲姞 "required" 淇グ绗︽垨灏嗚 灞炴€?澹版槑涓哄彲涓?null銆?[C:\Users\Humulus.MSI\Documents\Mydata\Programming\MDiceV2\MDiceV2.Core\MDiceV2.Core.csproj]
C:\Users\Humulus.MSI\Documents\Mydata\Programming\MDiceV2\MDiceV2.Core\GameBattle\GameStateSnapshot.cs(19,29): warning CS8618: 鍦ㄩ€€鍑烘瀯閫犲嚱鏁版椂锛屼笉鍙负 null 鐨?灞炴€?"PendingCard" 蹇呴』鍖呭惈闈?null 鍊笺€傝鑰冭檻娣诲姞 "required" 淇グ绗︽垨灏嗚 灞炴€?澹版槑涓哄彲涓?null銆?[C:\Users\Humulus.MSI\Documents\Mydata\Programming\MDiceV2\MDiceV2.Core\MDiceV2.Core.csproj]
C:\Users\Humulus.MSI\Documents\Mydata\Programming\MDiceV2\MDiceV2.Core\GameBattle\GameStateSnapshot.cs(20,31): warning CS8618: 鍦ㄩ€€鍑烘瀯閫犲嚱鏁版椂锛屼笉鍙负 null 鐨?灞炴€?"Player1" 蹇呴』鍖呭惈闈?null 鍊笺€傝鑰冭檻娣诲姞 "required" 淇グ绗︽垨灏嗚 灞炴€?澹版槑涓哄彲涓?null銆?[C:\Users\Humulus.MSI\Documents\Mydata\Programming\MDiceV2\MDiceV2.Core\MDiceV2.Core.csproj]
C:\Users\Humulus.MSI\Documents\Mydata\Programming\MDiceV2\MDiceV2.Core\GameBattle\GameStateSnapshot.cs(21,31): warning CS8618: 鍦ㄩ€€鍑烘瀯閫犲嚱鏁版椂锛屼笉鍙负 null 鐨?灞炴€?"Player2" 蹇呴』鍖呭惈闈?null 鍊笺€傝鑰冭檻娣诲姞 "required" 淇グ绗︽垨灏嗚 灞炴€?澹版槑涓哄彲涓?null銆?[C:\Users\Humulus.MSI\Documents\Mydata\Programming\MDiceV2\MDiceV2.Core\MDiceV2.Core.csproj]
C:\Users\Humulus.MSI\Documents\Mydata\Programming\MDiceV2\MDiceV2.Core\GameBattle\GameStateSnapshot.cs(29,23): warning CS8618: 鍦ㄩ€€鍑烘瀯閫犲嚱鏁版椂锛屼笉鍙负 null 鐨?灞炴€?"Name" 蹇呴』鍖呭惈闈?null 鍊笺€傝鑰冭檻娣诲姞 "required" 淇グ绗︽垨灏嗚 灞炴€?澹版槑涓哄彲涓?null銆?[C:\Users\Humulus.MSI\Documents\Mydata\Programming\MDiceV2\MDiceV2.Core\MDiceV2.Core.csproj]
C:\Users\Humulus.MSI\Documents\Mydata\Programming\MDiceV2\MDiceV2.Core\GameBattle\GameLoader.cs(55,28): warning CS8603: 鍙兘杩斿洖 null 寮曠敤銆?[C:\Users\Humulus.MSI\Documents\Mydata\Programming\MDiceV2\MDiceV2.Core\MDiceV2.Core.csproj]
C:\Users\Humulus.MSI\Documents\Mydata\Programming\MDiceV2\MDiceV2.Core\GameBattle\GameLoader.cs(67,32): warning CS8603: 鍙兘杩斿洖 null 寮曠敤銆?[C:\Users\Humulus.MSI\Documents\Mydata\Programming\MDiceV2\MDiceV2.Core\MDiceV2.Core.csproj]
C:\Users\Humulus.MSI\Documents\Mydata\Programming\MDiceV2\MDiceV2.Core\GameBattle\GameLoader.cs(72,32): warning CS8603: 鍙兘杩斿洖 null 寮曠敤銆?[C:\Users\Humulus.MSI\Documents\Mydata\Programming\MDiceV2\MDiceV2.Core\MDiceV2.Core.csproj]
C:\Users\Humulus.MSI\Documents\Mydata\Programming\MDiceV2\MDiceV2.Core\GameBattle\GameStateSnapshot.cs(67,39): warning CS8603: 鍙兘杩斿洖 null 寮曠敤銆?[C:\Users\Humulus.MSI\Documents\Mydata\Programming\MDiceV2\MDiceV2.Core\MDiceV2.Core.csproj]
C:\Users\Humulus.MSI\Documents\Mydata\Programming\MDiceV2\MDiceV2.Core\GameBattle\GameStateSnapshot.cs(78,46): warning CS8604: 鈥淐ardSnapshot GameStateSnapshotMapper.ToCardSnapshot(Card card)鈥濅腑鐨勫舰鍙傗€渃ard鈥濆彲鑳戒紶鍏?null 寮曠敤瀹炲弬銆?[C:\Users\Humulus.MSI\Documents\Mydata\Programming\MDiceV2\MDiceV2.Core\MDiceV2.Core.csproj]
C:\Users\Humulus.MSI\Documents\Mydata\Programming\MDiceV2\MDiceV2.Core\GameBattle\GameStateSnapshot.cs(86,42): warning CS8603: 鍙兘杩斿洖 null 寮曠敤銆?[C:\Users\Humulus.MSI\Documents\Mydata\Programming\MDiceV2\MDiceV2.Core\MDiceV2.Core.csproj]
C:\Users\Humulus.MSI\Documents\Mydata\Programming\MDiceV2\MDiceV2.Core\UI\Views\ConfigContainer.axaml.cs(275,54): warning CS0253: 鍙兘闈炴湁鎰忕殑寮曠敤姣旇緝锛涜嫢瑕佽幏鍙栧€兼瘮杈冿紝璇峰皢鍙宠竟杞崲涓虹被鍨嬧€渟tring鈥?[C:\Users\Humulus.MSI\Documents\Mydata\Programming\MDiceV2\MDiceV2.Core\MDiceV2.Core.csproj]
C:\Users\Humulus.MSI\Documents\Mydata\Programming\MDiceV2\MDiceV2.Core\GameBattle\GameStorage.cs(48,24): warning CS8603: 鍙兘杩斿洖 null 寮曠敤銆?[C:\Users\Humulus.MSI\Documents\Mydata\Programming\MDiceV2\MDiceV2.Core\MDiceV2.Core.csproj]
C:\Users\Humulus.MSI\Documents\Mydata\Programming\MDiceV2\MDiceV2.Core\GameBattle\GameStorage.cs(52,20): warning CS8603: 鍙兘杩斿洖 null 寮曠敤銆?[C:\Users\Humulus.MSI\Documents\Mydata\Programming\MDiceV2\MDiceV2.Core\MDiceV2.Core.csproj]
C:\Users\Humulus.MSI\Documents\Mydata\Programming\MDiceV2\MDiceV2.Core\GameBattle\GameStateSnapshot.cs(108,40): warning CS8603: 鍙兘杩斿洖 null 寮曠敤銆?[C:\Users\Humulus.MSI\Documents\Mydata\Programming\MDiceV2\MDiceV2.Core\MDiceV2.Core.csproj]
C:\Users\Humulus.MSI\Documents\Mydata\Programming\MDiceV2\MDiceV2.Core\GameBattle\GameStateSnapshot.cs(120,46): warning CS8604: 鈥淔ieldSnapshot GameStateSnapshotMapper.ToFieldSnapshot(Field field)鈥濅腑鐨勫舰鍙傗€渇ield鈥濆彲鑳戒紶鍏?null 寮曠敤瀹炲弬銆?[C:\Users\Humulus.MSI\Documents\Mydata\Programming\MDiceV2\MDiceV2.Core\MDiceV2.Core.csproj]
C:\Users\Humulus.MSI\Documents\Mydata\Programming\MDiceV2\MDiceV2.Core\GameBattle\GameStateSnapshot.cs(121,47): warning CS8604: 鈥淔ieldSnapshot GameStateSnapshotMapper.ToFieldSnapshot(Field field)鈥濅腑鐨勫舰鍙傗€渇ield鈥濆彲鑳戒紶鍏?null 寮曠敤瀹炲弬銆?[C:\Users\Humulus.MSI\Documents\Mydata\Programming\MDiceV2\MDiceV2.Core\MDiceV2.Core.csproj]
C:\Users\Humulus.MSI\Documents\Mydata\Programming\MDiceV2\MDiceV2.Core\GameBattle\GameStateSnapshot.cs(122,45): warning CS8604: 鈥淔ieldSnapshot GameStateSnapshotMapper.ToFieldSnapshot(Field field)鈥濅腑鐨勫舰鍙傗€渇ield鈥濆彲鑳戒紶鍏?null 寮曠敤瀹炲弬銆?[C:\Users\Humulus.MSI\Documents\Mydata\Programming\MDiceV2\MDiceV2.Core\MDiceV2.Core.csproj]
C:\Users\Humulus.MSI\Documents\Mydata\Programming\MDiceV2\MDiceV2.Core\GameBattle\GameStateSnapshot.cs(55,23): warning CS8618: 鍦ㄩ€€鍑烘瀯閫犲嚱鏁版椂锛屼笉鍙负 null 鐨?灞炴€?"Name" 蹇呴』鍖呭惈闈?null 鍊笺€傝鑰冭檻娣诲姞 "required" 淇グ绗︽垨灏嗚 灞炴€?澹版槑涓哄彲涓?null銆?[C:\Users\Humulus.MSI\Documents\Mydata\Programming\MDiceV2\MDiceV2.Core\MDiceV2.Core.csproj]
C:\Users\Humulus.MSI\Documents\Mydata\Programming\MDiceV2\MDiceV2.Core\Models\GlobalRandom.cs(22,46): warning CS8603: 鍙兘杩斿洖 null 寮曠敤銆?[C:\Users\Humulus.MSI\Documents\Mydata\Programming\MDiceV2\MDiceV2.Core\MDiceV2.Core.csproj]
C:\Users\Humulus.MSI\Documents\Mydata\Programming\MDiceV2\MDiceV2.Core\GameBattle\SkillTrigger.cs(52,23): warning CS8618: 鍦ㄩ€€鍑烘瀯閫犲嚱鏁版椂锛屼笉鍙负 null 鐨?灞炴€?"SkillId" 蹇呴』鍖呭惈闈?null 鍊笺€傝鑰冭檻娣诲姞 "required" 淇グ绗︽垨灏嗚 灞炴€?澹版槑涓哄彲涓?null銆?[C:\Users\Humulus.MSI\Documents\Mydata\Programming\MDiceV2\MDiceV2.Core\MDiceV2.Core.csproj]
C:\Users\Humulus.MSI\Documents\Mydata\Programming\MDiceV2\MDiceV2.Core\GameBattle\SkillTrigger.cs(57,23): warning CS8618: 鍦ㄩ€€鍑烘瀯閫犲嚱鏁版椂锛屼笉鍙负 null 鐨?灞炴€?"Name" 蹇呴』鍖呭惈闈?null 鍊笺€傝鑰冭檻娣诲姞 "required" 淇グ绗︽垨灏嗚 灞炴€?澹版槑涓哄彲涓?null銆?[C:\Users\Humulus.MSI\Documents\Mydata\Programming\MDiceV2\MDiceV2.Core\MDiceV2.Core.csproj]
C:\Users\Humulus.MSI\Documents\Mydata\Programming\MDiceV2\MDiceV2.Core\GameBattle\SkillTrigger.cs(62,23): warning CS8618: 鍦ㄩ€€鍑烘瀯閫犲嚱鏁版椂锛屼笉鍙负 null 鐨?灞炴€?"Description" 蹇呴』鍖呭惈闈?null 鍊笺€傝鑰冭檻娣诲姞 "required" 淇グ绗︽垨灏嗚 灞炴€?澹版槑涓哄彲涓?null銆?[C:\Users\Humulus.MSI\Documents\Mydata\Programming\MDiceV2\MDiceV2.Core\MDiceV2.Core.csproj]
C:\Users\Humulus.MSI\Documents\Mydata\Programming\MDiceV2\MDiceV2.Core\GameBattle\SkillTrigger.cs(72,23): warning CS8618: 鍦ㄩ€€鍑烘瀯閫犲嚱鏁版椂锛屼笉鍙负 null 鐨?灞炴€?"LuaFunctionName" 蹇呴』鍖呭惈闈?null 鍊笺€傝鑰冭檻娣诲姞 "required" 淇グ绗︽垨灏嗚 灞炴€?澹版槑涓哄彲涓?null銆?[C:\Users\Humulus.MSI\Documents\Mydata\Programming\MDiceV2\MDiceV2.Core\MDiceV2.Core.csproj]
C:\Users\Humulus.MSI\Documents\Mydata\Programming\MDiceV2\MDiceV2.Core\GameBattle\SkillTrigger.cs(82,23): warning CS8618: 鍦ㄩ€€鍑烘瀯閫犲嚱鏁版椂锛屼笉鍙负 null 鐨?灞炴€?"LuaScript" 蹇呴』鍖呭惈闈?null 鍊笺€傝鑰冭檻娣诲姞 "required" 淇グ绗︽垨灏嗚 灞炴€?澹版槑涓哄彲涓?null銆?[C:\Users\Humulus.MSI\Documents\Mydata\Programming\MDiceV2\MDiceV2.Core\MDiceV2.Core.csproj]
C:\Users\Humulus.MSI\Documents\Mydata\Programming\MDiceV2\MDiceV2.Core\GameBattle\GameStateSnapshot.cs(128,42): warning CS8603: 鍙兘杩斿洖 null 寮曠敤銆?[C:\Users\Humulus.MSI\Documents\Mydata\Programming\MDiceV2\MDiceV2.Core\MDiceV2.Core.csproj]
C:\Users\Humulus.MSI\Documents\Mydata\Programming\MDiceV2\MDiceV2.Core\GameBattle\GameStateSnapshot.cs(142,34): warning CS8604: 鈥渧oid GameStateSnapshotMapper.RestoreField(Player player, Field field, FieldSnapshot snapshot)鈥濅腑鐨勫舰鍙傗€渇ield鈥濆彲鑳戒紶鍏?null 寮曠敤瀹炲弬銆?[C:\Users\Humulus.MSI\Documents\Mydata\Programming\MDiceV2\MDiceV2.Core\MDiceV2.Core.csproj]
C:\Users\Humulus.MSI\Documents\Mydata\Programming\MDiceV2\MDiceV2.Core\GameBattle\GameStateSnapshot.cs(143,34): warning CS8604: 鈥渧oid GameStateSnapshotMapper.RestoreField(Player player, Field field, FieldSnapshot snapshot)鈥濅腑鐨勫舰鍙傗€渇ield鈥濆彲鑳戒紶鍏?null 寮曠敤瀹炲弬銆?[C:\Users\Humulus.MSI\Documents\Mydata\Programming\MDiceV2\MDiceV2.Core\MDiceV2.Core.csproj]
C:\Users\Humulus.MSI\Documents\Mydata\Programming\MDiceV2\MDiceV2.Core\GameBattle\GameStateSnapshot.cs(144,34): warning CS8604: 鈥渧oid GameStateSnapshotMapper.RestoreField(Player player, Field field, FieldSnapshot snapshot)鈥濅腑鐨勫舰鍙傗€渇ield鈥濆彲鑳戒紶鍏?null 寮曠敤瀹炲弬銆?[C:\Users\Humulus.MSI\Documents\Mydata\Programming\MDiceV2\MDiceV2.Core\MDiceV2.Core.csproj]
C:\Users\Humulus.MSI\Documents\Mydata\Programming\MDiceV2\MDiceV2.Core\GameBattle\GameStorage.cs(63,20): warning CS8619: 绫诲瀷鈥淟ist<string?>鈥濈殑鍊间腑寮曠敤绫诲瀷鐨勪负 Null 鎬т笌鐩爣绫诲瀷鈥淟ist<string>鈥濅笉鍖归厤銆?[C:\Users\Humulus.MSI\Documents\Mydata\Programming\MDiceV2\MDiceV2.Core\MDiceV2.Core.csproj]
C:\Users\Humulus.MSI\Documents\Mydata\Programming\MDiceV2\MDiceV2.Core\GameBattle\GameStateSnapshot.cs(218,38): warning CS8603: 鍙兘杩斿洖 null 寮曠敤銆?[C:\Users\Humulus.MSI\Documents\Mydata\Programming\MDiceV2\MDiceV2.Core\MDiceV2.Core.csproj]
C:\Users\Humulus.MSI\Documents\Mydata\Programming\MDiceV2\MDiceV2.Core\GameBattle\GameStateSnapshot.cs(224,28): warning CS8601: 鍙兘鐨?null 寮曠敤璧嬪€笺€?[C:\Users\Humulus.MSI\Documents\Mydata\Programming\MDiceV2\MDiceV2.Core\MDiceV2.Core.csproj]
C:\Users\Humulus.MSI\Documents\Mydata\Programming\MDiceV2\MDiceV2.Core\GameBattle\GameStateSnapshot.cs(232,24): warning CS8601: 鍙兘鐨?null 寮曠敤璧嬪€笺€?[C:\Users\Humulus.MSI\Documents\Mydata\Programming\MDiceV2\MDiceV2.Core\MDiceV2.Core.csproj]
C:\Users\Humulus.MSI\Documents\Mydata\Programming\MDiceV2\MDiceV2.Core\GameBattle\GameLoader.cs(148,30): warning CS8714: 绫诲瀷鈥渟tring?鈥濅笉鑳界敤浣滄硾鍨嬬被鍨嬫垨鏂规硶鈥淓numerable.ToDictionary<TSource, TKey, TElement>(IEnumerable<TSource>, Func<TSource, TKey>, Func<TSource, TElement>)鈥濅腑鐨勭被鍨嬪弬鏁扳€淭Key鈥濄€傜被鍨嬪弬鏁扳€渟tring?鈥濈殑涓?Null 鎬т笌 "notnull" 绾︽潫涓嶅尮閰嶃€?[C:\Users\Humulus.MSI\Documents\Mydata\Programming\MDiceV2\MDiceV2.Core\MDiceV2.Core.csproj]
C:\Users\Humulus.MSI\Documents\Mydata\Programming\MDiceV2\MDiceV2.Core\GameBattle\GameLoader.cs(148,69): warning CS8621: 鈥渓ambda 琛ㄨ揪寮忊€濈殑杩斿洖绫诲瀷涓紩鐢ㄧ被鍨嬬殑涓?Null 鎬т笌鐩爣濮旀墭鈥淔unc<IGrouping<string?, Character>, string?>鈥濅笉鍖归厤(鍙兘鏄敱浜庝负 Null 鎬х壒鎬?銆?[C:\Users\Humulus.MSI\Documents\Mydata\Programming\MDiceV2\MDiceV2.Core\MDiceV2.Core.csproj]
C:\Users\Humulus.MSI\Documents\Mydata\Programming\MDiceV2\MDiceV2.Core\GameBattle\GameStateSnapshot.cs(239,42): warning CS8603: 鍙兘杩斿洖 null 寮曠敤銆?[C:\Users\Humulus.MSI\Documents\Mydata\Programming\MDiceV2\MDiceV2.Core\MDiceV2.Core.csproj]
C:\Users\Humulus.MSI\Documents\Mydata\Programming\MDiceV2\MDiceV2.Core\GameBattle\GameStateSnapshot.cs(247,28): warning CS8603: 鍙兘杩斿洖 null 寮曠敤銆?[C:\Users\Humulus.MSI\Documents\Mydata\Programming\MDiceV2\MDiceV2.Core\MDiceV2.Core.csproj]
C:\Users\Humulus.MSI\Documents\Mydata\Programming\MDiceV2\MDiceV2.Core\GameBattle\GameStateSnapshot.cs(263,28): warning CS8603: 鍙兘杩斿洖 null 寮曠敤銆?[C:\Users\Humulus.MSI\Documents\Mydata\Programming\MDiceV2\MDiceV2.Core\MDiceV2.Core.csproj]
C:\Users\Humulus.MSI\Documents\Mydata\Programming\MDiceV2\MDiceV2.Core\Models\GlobalMessageQueue.cs(152,65): warning CS8604: 鈥渧oid Action<object>.Invoke(object obj)鈥濅腑鐨勫舰鍙傗€渙bj鈥濆彲鑳戒紶鍏?null 寮曠敤瀹炲弬銆?[C:\Users\Humulus.MSI\Documents\Mydata\Programming\MDiceV2\MDiceV2.Core\MDiceV2.Core.csproj]
C:\Users\Humulus.MSI\Documents\Mydata\Programming\MDiceV2\MDiceV2.Core\Infrastructure\GrpcConfigSyncClient.cs(307,26): warning CS0168: 澹版槑浜嗗彉閲忊€渆x鈥濓紝浣嗕粠鏈娇鐢ㄨ繃 [C:\Users\Humulus.MSI\Documents\Mydata\Programming\MDiceV2\MDiceV2.Core\MDiceV2.Core.csproj]
C:\Users\Humulus.MSI\Documents\Mydata\Programming\MDiceV2\MDiceV2.Core\Models\GlobalMessageQueue.cs(43,38): warning CS8618: 鍦ㄩ€€鍑烘瀯閫犲嚱鏁版椂锛屼笉鍙负 null 鐨?灞炴€?"Instance" 蹇呴』鍖呭惈闈?null 鍊笺€傝鑰冭檻娣诲姞 "required" 淇グ绗︽垨灏嗚 灞炴€?澹版槑涓哄彲涓?null銆?[C:\Users\Humulus.MSI\Documents\Mydata\Programming\MDiceV2\MDiceV2.Core\MDiceV2.Core.csproj]
C:\Users\Humulus.MSI\Documents\Mydata\Programming\MDiceV2\MDiceV2.Core\GameBattle\GameLoader.cs(371,53): warning CS8604: 鈥渂ool Dictionary<string, Character>.ContainsKey(string key)鈥濅腑鐨勫舰鍙傗€渒ey鈥濆彲鑳戒紶鍏?null 寮曠敤瀹炲弬銆?[C:\Users\Humulus.MSI\Documents\Mydata\Programming\MDiceV2\MDiceV2.Core\MDiceV2.Core.csproj]
C:\Users\Humulus.MSI\Documents\Mydata\Programming\MDiceV2\MDiceV2.Core\GameBattle\GameLoader.cs(505,52): warning CS8604: 鈥渂ool Dictionary<string, LuaSkill>.TryGetValue(string key, out LuaSkill value)鈥濅腑鐨勫舰鍙傗€渒ey鈥濆彲鑳戒紶鍏?null 寮曠敤瀹炲弬銆?[C:\Users\Humulus.MSI\Documents\Mydata\Programming\MDiceV2\MDiceV2.Core\MDiceV2.Core.csproj]
C:\Users\Humulus.MSI\Documents\Mydata\Programming\MDiceV2\MDiceV2.Core\GameBattle\GameLoader.cs(516,39): warning CS8604: 鈥淪pecialCard Dictionary<string, SpecialCard>.this[string key]鈥濅腑鐨勫舰鍙傗€渒ey鈥濆彲鑳戒紶鍏?null 寮曠敤瀹炲弬銆?[C:\Users\Humulus.MSI\Documents\Mydata\Programming\MDiceV2\MDiceV2.Core\MDiceV2.Core.csproj]
C:\Users\Humulus.MSI\Documents\Mydata\Programming\MDiceV2\MDiceV2.Core\GameBattle\TurnManager.cs(771,24): warning CS8603: 鍙兘杩斿洖 null 寮曠敤銆?[C:\Users\Humulus.MSI\Documents\Mydata\Programming\MDiceV2\MDiceV2.Core\MDiceV2.Core.csproj]
C:\Users\Humulus.MSI\Documents\Mydata\Programming\MDiceV2\MDiceV2.Core\GameBattle\GameLoader.cs(664,42): warning CS8601: 鍙兘鐨?null 寮曠敤璧嬪€笺€?[C:\Users\Humulus.MSI\Documents\Mydata\Programming\MDiceV2\MDiceV2.Core\MDiceV2.Core.csproj]
C:\Users\Humulus.MSI\Documents\Mydata\Programming\MDiceV2\MDiceV2.Core\GameBattle\GameLoader.cs(823,48): warning CS8604: 鈥渂ool Dictionary<string, LuaSkill>.TryGetValue(string key, out LuaSkill value)鈥濅腑鐨勫舰鍙傗€渒ey鈥濆彲鑳戒紶鍏?null 寮曠敤瀹炲弬銆?[C:\Users\Humulus.MSI\Documents\Mydata\Programming\MDiceV2\MDiceV2.Core\MDiceV2.Core.csproj]
C:\Users\Humulus.MSI\Documents\Mydata\Programming\MDiceV2\MDiceV2.Core\GameBattle\GameLoader.cs(843,48): warning CS8604: 鈥渂ool Dictionary<string, LuaSkill>.TryGetValue(string key, out LuaSkill value)鈥濅腑鐨勫舰鍙傗€渒ey鈥濆彲鑳戒紶鍏?null 寮曠敤瀹炲弬銆?[C:\Users\Humulus.MSI\Documents\Mydata\Programming\MDiceV2\MDiceV2.Core\MDiceV2.Core.csproj]
C:\Users\Humulus.MSI\Documents\Mydata\Programming\MDiceV2\MDiceV2.Core\GameBattle\GameLoader.cs(978,29): warning CS8600: 灏?null 鏂囨湰鎴栧彲鑳界殑 null 鍊艰浆鎹负涓嶅彲涓?null 绫诲瀷銆?[C:\Users\Humulus.MSI\Documents\Mydata\Programming\MDiceV2\MDiceV2.Core\MDiceV2.Core.csproj]
C:\Users\Humulus.MSI\Documents\Mydata\Programming\MDiceV2\MDiceV2.Core\GameBattle\GameLoader.cs(981,38): warning CS8601: 鍙兘鐨?null 寮曠敤璧嬪€笺€?[C:\Users\Humulus.MSI\Documents\Mydata\Programming\MDiceV2\MDiceV2.Core\MDiceV2.Core.csproj]
C:\Users\Humulus.MSI\Documents\Mydata\Programming\MDiceV2\MDiceV2.Core\Models\MessageDistribution.cs(1287,58): warning CS8601: 鍙兘鐨?null 寮曠敤璧嬪€笺€?[C:\Users\Humulus.MSI\Documents\Mydata\Programming\MDiceV2\MDiceV2.Core\MDiceV2.Core.csproj]
C:\Users\Humulus.MSI\Documents\Mydata\Programming\MDiceV2\MDiceV2.Core\Models\MessageDistribution.cs(1328,16): warning CS8603: 鍙兘杩斿洖 null 寮曠敤銆?[C:\Users\Humulus.MSI\Documents\Mydata\Programming\MDiceV2\MDiceV2.Core\MDiceV2.Core.csproj]
C:\Users\Humulus.MSI\Documents\Mydata\Programming\MDiceV2\MDiceV2.Core\UI\ViewModels\MainViewModel.cs(2759,48): warning CS0618: 鈥淢essageProcessor.GetInstance()鈥濆凡杩囨椂:鈥滃簲浣跨敤渚濊禆娉ㄥ叆鑰岄潪GetInstance()鈥?[C:\Users\Humulus.MSI\Documents\Mydata\Programming\MDiceV2\MDiceV2.Core\MDiceV2.Core.csproj]
C:\Users\Humulus.MSI\Documents\Mydata\Programming\MDiceV2\MDiceV2.Core\UI\ViewModels\MainViewModel.cs(2912,36): warning CS0618: 鈥淢essageProcessor.GetInstance()鈥濆凡杩囨椂:鈥滃簲浣跨敤渚濊禆娉ㄥ叆鑰岄潪GetInstance()鈥?[C:\Users\Humulus.MSI\Documents\Mydata\Programming\MDiceV2\MDiceV2.Core\MDiceV2.Core.csproj]
C:\Users\Humulus.MSI\Documents\Mydata\Programming\MDiceV2\MDiceV2.Core\UI\ViewModels\MainViewModel.cs(3168,36): warning CS0618: 鈥淢essageProcessor.GetInstance()鈥濆凡杩囨椂:鈥滃簲浣跨敤渚濊禆娉ㄥ叆鑰岄潪GetInstance()鈥?[C:\Users\Humulus.MSI\Documents\Mydata\Programming\MDiceV2\MDiceV2.Core\MDiceV2.Core.csproj]
C:\Users\Humulus.MSI\Documents\Mydata\Programming\MDiceV2\MDiceV2.Core\Infrastructure\ServiceBootstrapper.cs(494,58): warning CS0067: 浠庝笉浣跨敤浜嬩欢鈥淕rpcProxyChannel.OnMessageReceived鈥?[C:\Users\Humulus.MSI\Documents\Mydata\Programming\MDiceV2\MDiceV2.Core\MDiceV2.Core.csproj]
C:\Users\Humulus.MSI\Documents\Mydata\Programming\MDiceV2\MDiceV2.Core\UI\App.cs(146,36): warning IL3000: 'System.Reflection.Assembly.Location.get' always returns an empty string for assemblies embedded in a single-file app. If the path to the app directory is needed, consider calling 'System.AppContext.BaseDirectory'. [C:\Users\Humulus.MSI\Documents\Mydata\Programming\MDiceV2\MDiceV2.Core\MDiceV2.Core.csproj]
C:\Users\Humulus.MSI\Documents\Mydata\Programming\MDiceV2\MDiceV2.Core\UI\ViewModels\MainViewModel.cs(897,21): warning IL3000: 'System.Reflection.Assembly.Location.get' always returns an empty string for assemblies embedded in a single-file app. If the path to the app directory is needed, consider calling 'System.AppContext.BaseDirectory'. [C:\Users\Humulus.MSI\Documents\Mydata\Programming\MDiceV2\MDiceV2.Core\MDiceV2.Core.csproj]
  MDiceV2.Core -> C:\Users\Humulus.MSI\Documents\Mydata\Programming\MDiceV2\MDiceV2.Core\bin\Release\net10.0-windows\win-x64\MDiceV2.Core.dll

宸叉垚鍔熺敓鎴愩€?

C:\Users\Humulus.MSI\Documents\Mydata\Programming\MDiceV2\MDiceV2.Core\obj\Release\net10.0-windows\win-x64\Avalonia.Generators\Avalonia.Generators.NameGenerator.AvaloniaNameSourceGenerator\MDiceV2.Core.UI.Views.AdjustableConfigContainer.g.cs(12,51): warning CS0108: 鈥淎djustableConfigContainer.Title鈥濋殣钘忕户鎵跨殑鎴愬憳鈥淐onfigContainer.Title鈥濄€傚鏋滄槸鏈夋剰闅愯棌锛岃浣跨敤鍏抽敭瀛?new銆?[C:\Users\Humulus.MSI\Documents\Mydata\Programming\MDiceV2\MDiceV2.Core\MDiceV2.Core.csproj]
C:\Users\Humulus.MSI\Documents\Mydata\Programming\MDiceV2\MDiceV2.Core\obj\Release\net10.0-windows\win-x64\Avalonia.Generators\Avalonia.Generators.NameGenerator.AvaloniaNameSourceGenerator\MDiceV2.Core.UI.Views.AdjustableConfigContainer.g.cs(14,51): warning CS0108: 鈥淎djustableConfigContainer.SearchButton鈥濋殣钘忕户鎵跨殑鎴愬憳鈥淐onfigContainer.SearchButton鈥濄€傚鏋滄槸鏈夋剰闅愯棌锛岃浣跨敤鍏抽敭瀛?new銆?[C:\Users\Humulus.MSI\Documents\Mydata\Programming\MDiceV2\MDiceV2.Core\MDiceV2.Core.csproj]
C:\Users\Humulus.MSI\Documents\Mydata\Programming\MDiceV2\MDiceV2.Core\obj\Release\net10.0-windows\win-x64\Avalonia.Generators\Avalonia.Generators.NameGenerator.AvaloniaNameSourceGenerator\MDiceV2.Core.UI.Views.AdjustableConfigContainer.g.cs(18,51): warning CS0108: 鈥淎djustableConfigContainer.HelpButton鈥濋殣钘忕户鎵跨殑鎴愬憳鈥淐onfigContainer.HelpButton鈥濄€傚鏋滄槸鏈夋剰闅愯棌锛岃浣跨敤鍏抽敭瀛?new銆?[C:\Users\Humulus.MSI\Documents\Mydata\Programming\MDiceV2\MDiceV2.Core\MDiceV2.Core.csproj]
C:\Users\Humulus.MSI\Documents\Mydata\Programming\MDiceV2\MDiceV2.Core\obj\Release\net10.0-windows\win-x64\Avalonia.Generators\Avalonia.Generators.NameGenerator.AvaloniaNameSourceGenerator\MDiceV2.Core.UI.Views.AdjustableConfigContainer.g.cs(20,51): warning CS0108: 鈥淎djustableConfigContainer.SearchPanel鈥濋殣钘忕户鎵跨殑鎴愬憳鈥淐onfigContainer.SearchPanel鈥濄€傚鏋滄槸鏈夋剰闅愯棌锛岃浣跨敤鍏抽敭瀛?new銆?[C:\Users\Humulus.MSI\Documents\Mydata\Programming\MDiceV2\MDiceV2.Core\MDiceV2.Core.csproj]
C:\Users\Humulus.MSI\Documents\Mydata\Programming\MDiceV2\MDiceV2.Core\obj\Release\net10.0-windows\win-x64\Avalonia.Generators\Avalonia.Generators.NameGenerator.AvaloniaNameSourceGenerator\MDiceV2.Core.UI.Views.AdjustableConfigContainer.g.cs(22,51): warning CS0108: 鈥淎djustableConfigContainer.FillArea鈥濋殣钘忕户鎵跨殑鎴愬憳鈥淐onfigContainer.FillArea鈥濄€傚鏋滄槸鏈夋剰闅愯棌锛岃浣跨敤鍏抽敭瀛?new銆?[C:\Users\Humulus.MSI\Documents\Mydata\Programming\MDiceV2\MDiceV2.Core\MDiceV2.Core.csproj]
C:\Users\Humulus.MSI\Documents\Mydata\Programming\MDiceV2\MDiceV2.Core\obj\Release\net10.0-windows\win-x64\Avalonia.Generators\Avalonia.Generators.NameGenerator.AvaloniaNameSourceGenerator\MDiceV2.Core.UI.Views.AdjustableConfigContainer.g.cs(24,49): warning CS0108: 鈥淎djustableConfigContainer.SearchControls鈥濋殣钘忕户鎵跨殑鎴愬憳鈥淐onfigContainer.SearchControls鈥濄€傚鏋滄槸鏈夋剰闅愯棌锛岃浣跨敤鍏抽敭瀛?new銆?[C:\Users\Humulus.MSI\Documents\Mydata\Programming\MDiceV2\MDiceV2.Core\MDiceV2.Core.csproj]
C:\Users\Humulus.MSI\Documents\Mydata\Programming\MDiceV2\MDiceV2.Core\obj\Release\net10.0-windows\win-x64\Avalonia.Generators\Avalonia.Generators.NameGenerator.AvaloniaNameSourceGenerator\MDiceV2.Core.UI.Views.AdjustableConfigContainer.g.cs(38,51): warning CS0108: 鈥淎djustableConfigContainer.HelpPanel鈥濋殣钘忕户鎵跨殑鎴愬憳鈥淐onfigContainer.HelpPanel鈥濄€傚鏋滄槸鏈夋剰闅愯棌锛岃浣跨敤鍏抽敭瀛?new銆?[C:\Users\Humulus.MSI\Documents\Mydata\Programming\MDiceV2\MDiceV2.Core\MDiceV2.Core.csproj]
C:\Users\Humulus.MSI\Documents\Mydata\Programming\MDiceV2\MDiceV2.Core\obj\Release\net10.0-windows\win-x64\Avalonia.Generators\Avalonia.Generators.NameGenerator.AvaloniaNameSourceGenerator\MDiceV2.Core.UI.Views.AdjustableConfigContainer.g.cs(40,51): warning CS0108: 鈥淎djustableConfigContainer.HelpFillArea鈥濋殣钘忕户鎵跨殑鎴愬憳鈥淐onfigContainer.HelpFillArea鈥濄€傚鏋滄槸鏈夋剰闅愯棌锛岃浣跨敤鍏抽敭瀛?new銆?[C:\Users\Humulus.MSI\Documents\Mydata\Programming\MDiceV2\MDiceV2.Core\MDiceV2.Core.csproj]
C:\Users\Humulus.MSI\Documents\Mydata\Programming\MDiceV2\MDiceV2.Core\obj\Release\net10.0-windows\win-x64\Avalonia.Generators\Avalonia.Generators.NameGenerator.AvaloniaNameSourceGenerator\MDiceV2.Core.UI.Views.AdjustableConfigContainer.g.cs(42,49): warning CS0108: 鈥淎djustableConfigContainer.HelpContent鈥濋殣钘忕户鎵跨殑鎴愬憳鈥淐onfigContainer.HelpContent鈥濄€傚鏋滄槸鏈夋剰闅愯棌锛岃浣跨敤鍏抽敭瀛?new銆?[C:\Users\Humulus.MSI\Documents\Mydata\Programming\MDiceV2\MDiceV2.Core\MDiceV2.Core.csproj]
C:\Users\Humulus.MSI\Documents\Mydata\Programming\MDiceV2\MDiceV2.Core\obj\Release\net10.0-windows\win-x64\Avalonia.Generators\Avalonia.Generators.NameGenerator.AvaloniaNameSourceGenerator\MDiceV2.Core.UI.Views.AdjustableConfigContainer.g.cs(44,54): warning CS0108: 鈥淎djustableConfigContainer.HelpTextBlock鈥濋殣钘忕户鎵跨殑鎴愬憳鈥淐onfigContainer.HelpTextBlock鈥濄€傚鏋滄槸鏈夋剰闅愯棌锛岃浣跨敤鍏抽敭瀛?new銆?[C:\Users\Humulus.MSI\Documents\Mydata\Programming\MDiceV2\MDiceV2.Core\MDiceV2.Core.csproj]
C:\Users\Humulus.MSI\Documents\Mydata\Programming\MDiceV2\MDiceV2.Core\obj\Release\net10.0-windows\win-x64\Avalonia.Generators\Avalonia.Generators.NameGenerator.AvaloniaNameSourceGenerator\MDiceV2.Core.UI.Views.AdjustableConfigContainer.g.cs(55,21): warning CS0108: 鈥淎djustableConfigContainer.InitializeComponent(bool)鈥濋殣钘忕户鎵跨殑鎴愬憳鈥淐onfigContainer.InitializeComponent(bool)鈥濄€傚鏋滄槸鏈夋剰闅愯棌锛岃浣跨敤鍏抽敭瀛?new銆?[C:\Users\Humulus.MSI\Documents\Mydata\Programming\MDiceV2\MDiceV2.Core\MDiceV2.Core.csproj]
C:\Users\Humulus.MSI\Documents\Mydata\Programming\MDiceV2\MDiceV2.Core\GameBattle\TurnManager.cs(44,24): warning CS8603: 鍙兘杩斿洖 null 寮曠敤銆?[C:\Users\Humulus.MSI\Documents\Mydata\Programming\MDiceV2\MDiceV2.Core\MDiceV2.Core.csproj]
C:\Users\Humulus.MSI\Documents\Mydata\Programming\MDiceV2\MDiceV2.Core\GameBattle\TurnManager.cs(49,24): warning CS8603: 鍙兘杩斿洖 null 寮曠敤銆?[C:\Users\Humulus.MSI\Documents\Mydata\Programming\MDiceV2\MDiceV2.Core\MDiceV2.Core.csproj]
C:\Users\Humulus.MSI\Documents\Mydata\Programming\MDiceV2\MDiceV2.Core\GameBattle\AIController.cs(92,47): warning CS8604: 鈥淟ist<string> AIController.PlaceCharacterRandomly(CharacterCard card)鈥濅腑鐨勫舰鍙傗€渃ard鈥濆彲鑳戒紶鍏?null 寮曠敤瀹炲弬銆?[C:\Users\Humulus.MSI\Documents\Mydata\Programming\MDiceV2\MDiceV2.Core\MDiceV2.Core.csproj]
C:\Users\Humulus.MSI\Documents\Mydata\Programming\MDiceV2\MDiceV2.Core\Infrastructure\ConfigSyncServer.cs(478,41): warning CS8601: 鍙兘鐨?null 寮曠敤璧嬪€笺€?[C:\Users\Humulus.MSI\Documents\Mydata\Programming\MDiceV2\MDiceV2.Core\MDiceV2.Core.csproj]
C:\Users\Humulus.MSI\Documents\Mydata\Programming\MDiceV2\MDiceV2.Core\Infrastructure\ConfigSyncServer.cs(484,45): warning CS8601: 鍙兘鐨?null 寮曠敤璧嬪€笺€?[C:\Users\Humulus.MSI\Documents\Mydata\Programming\MDiceV2\MDiceV2.Core\MDiceV2.Core.csproj]
C:\Users\Humulus.MSI\Documents\Mydata\Programming\MDiceV2\MDiceV2.Core\Infrastructure\LogBufferPool.cs(310,19): warning CS8618: 鍦ㄩ€€鍑烘瀯閫犲嚱鏁版椂锛屼笉鍙负 null 鐨?灞炴€?"ChannelName" 蹇呴』鍖呭惈闈?null 鍊笺€傝鑰冭檻娣诲姞 "required" 淇グ绗︽垨灏嗚 灞炴€?澹版槑涓哄彲涓?null銆?[C:\Users\Humulus.MSI\Documents\Mydata\Programming\MDiceV2\MDiceV2.Core\MDiceV2.Core.csproj]
C:\Users\Humulus.MSI\Documents\Mydata\Programming\MDiceV2\MDiceV2.Core\GameBattle\TurnManager.cs(178,77): warning CS8604: 鈥渟tring TurnManager.FormatCharacterInfo(Character character)鈥濅腑鐨勫舰鍙傗€渃haracter鈥濆彲鑳戒紶鍏?null 寮曠敤瀹炲弬銆?[C:\Users\Humulus.MSI\Documents\Mydata\Programming\MDiceV2\MDiceV2.Core\MDiceV2.Core.csproj]
C:\Users\Humulus.MSI\Documents\Mydata\Programming\MDiceV2\MDiceV2.Core\Infrastructure\LogBufferPool.cs(104,13): warning CS0618: 鈥淟ogBatcher.Enqueue(string)鈥濆凡杩囨椂:鈥滀娇鐢?EnqueueAsync 浠ｆ浛鈥?[C:\Users\Humulus.MSI\Documents\Mydata\Programming\MDiceV2\MDiceV2.Core\MDiceV2.Core.csproj]
C:\Users\Humulus.MSI\Documents\Mydata\Programming\MDiceV2\MDiceV2.Core\Infrastructure\ConfigSyncDispatcher.cs(63,41): warning CS8604: 鈥淭ask Func<string, string, Task>.Invoke(string arg1, string arg2)鈥濅腑鐨勫舰鍙傗€渁rg2鈥濆彲鑳戒紶鍏?null 寮曠敤瀹炲弬銆?[C:\Users\Humulus.MSI\Documents\Mydata\Programming\MDiceV2\MDiceV2.Core\MDiceV2.Core.csproj]
C:\Users\Humulus.MSI\Documents\Mydata\Programming\MDiceV2\MDiceV2.Core\Infrastructure\ConfigSyncDispatcher.cs(86,44): warning CS8604: 鈥淭ask Func<string, string, Task>.Invoke(string arg1, string arg2)鈥濅腑鐨勫舰鍙傗€渁rg2鈥濆彲鑳戒紶鍏?null 寮曠敤瀹炲弬銆?[C:\Users\Humulus.MSI\Documents\Mydata\Programming\MDiceV2\MDiceV2.Core\MDiceV2.Core.csproj]
C:\Users\Humulus.MSI\Documents\Mydata\Programming\MDiceV2\MDiceV2.Core\Infrastructure\LogBufferPool.cs(277,36): warning CS8618: 鍦ㄩ€€鍑烘瀯閫犲嚱鏁版椂锛屼笉鍙负 null 鐨?灞炴€?"ChannelStatistics" 蹇呴』鍖呭惈闈?null 鍊笺€傝鑰冭檻娣诲姞 "required" 淇グ绗︽垨灏嗚 灞炴€?澹版槑涓哄彲涓?null銆?[C:\Users\Humulus.MSI\Documents\Mydata\Programming\MDiceV2\MDiceV2.Core\MDiceV2.Core.csproj]
C:\Users\Humulus.MSI\Documents\Mydata\Programming\MDiceV2\MDiceV2.Core\GameBattle\TurnManager.cs(227,44): warning CS8604: 鈥渂ool Player.AddCharacterToField(Character character, FieldType fieldType)鈥濅腑鐨勫舰鍙傗€渃haracter鈥濆彲鑳戒紶鍏?null 寮曠敤瀹炲弬銆?[C:\Users\Humulus.MSI\Documents\Mydata\Programming\MDiceV2\MDiceV2.Core\MDiceV2.Core.csproj]
C:\Users\Humulus.MSI\Documents\Mydata\Programming\MDiceV2\MDiceV2.Core\GameBattle\GameStateSnapshot.cs(12,23): warning CS8618: 鍦ㄩ€€鍑烘瀯閫犲嚱鏁版椂锛屼笉鍙负 null 鐨?灞炴€?"Player2Id" 蹇呴』鍖呭惈闈?null 鍊笺€傝鑰冭檻娣诲姞 "required" 淇グ绗︽垨灏嗚 灞炴€?澹版槑涓哄彲涓?null銆?[C:\Users\Humulus.MSI\Documents\Mydata\Programming\MDiceV2\MDiceV2.Core\MDiceV2.Core.csproj]
C:\Users\Humulus.MSI\Documents\Mydata\Programming\MDiceV2\MDiceV2.Core\GameBattle\GameStateSnapshot.cs(14,23): warning CS8618: 鍦ㄩ€€鍑烘瀯閫犲嚱鏁版椂锛屼笉鍙负 null 鐨?灞炴€?"CurrentWeather" 蹇呴』鍖呭惈闈?null 鍊笺€傝鑰冭檻娣诲姞 "required" 淇グ绗︽垨灏嗚 灞炴€?澹版槑涓哄彲涓?null銆?[C:\Users\Humulus.MSI\Documents\Mydata\Programming\MDiceV2\MDiceV2.Core\MDiceV2.Core.csproj]
C:\Users\Humulus.MSI\Documents\Mydata\Programming\MDiceV2\MDiceV2.Core\GameBattle\GameStateSnapshot.cs(19,29): warning CS8618: 鍦ㄩ€€鍑烘瀯閫犲嚱鏁版椂锛屼笉鍙负 null 鐨?灞炴€?"PendingCard" 蹇呴』鍖呭惈闈?null 鍊笺€傝鑰冭檻娣诲姞 "required" 淇グ绗︽垨灏嗚 灞炴€?澹版槑涓哄彲涓?null銆?[C:\Users\Humulus.MSI\Documents\Mydata\Programming\MDiceV2\MDiceV2.Core\MDiceV2.Core.csproj]
C:\Users\Humulus.MSI\Documents\Mydata\Programming\MDiceV2\MDiceV2.Core\GameBattle\GameStateSnapshot.cs(20,31): warning CS8618: 鍦ㄩ€€鍑烘瀯閫犲嚱鏁版椂锛屼笉鍙负 null 鐨?灞炴€?"Player1" 蹇呴』鍖呭惈闈?null 鍊笺€傝鑰冭檻娣诲姞 "required" 淇グ绗︽垨灏嗚 灞炴€?澹版槑涓哄彲涓?null銆?[C:\Users\Humulus.MSI\Documents\Mydata\Programming\MDiceV2\MDiceV2.Core\MDiceV2.Core.csproj]
C:\Users\Humulus.MSI\Documents\Mydata\Programming\MDiceV2\MDiceV2.Core\GameBattle\GameStateSnapshot.cs(21,31): warning CS8618: 鍦ㄩ€€鍑烘瀯閫犲嚱鏁版椂锛屼笉鍙负 null 鐨?灞炴€?"Player2" 蹇呴』鍖呭惈闈?null 鍊笺€傝鑰冭檻娣诲姞 "required" 淇グ绗︽垨灏嗚 灞炴€?澹版槑涓哄彲涓?null銆?[C:\Users\Humulus.MSI\Documents\Mydata\Programming\MDiceV2\MDiceV2.Core\MDiceV2.Core.csproj]
C:\Users\Humulus.MSI\Documents\Mydata\Programming\MDiceV2\MDiceV2.Core\GameBattle\GameStateSnapshot.cs(29,23): warning CS8618: 鍦ㄩ€€鍑烘瀯閫犲嚱鏁版椂锛屼笉鍙负 null 鐨?灞炴€?"Name" 蹇呴』鍖呭惈闈?null 鍊笺€傝鑰冭檻娣诲姞 "required" 淇グ绗︽垨灏嗚 灞炴€?澹版槑涓哄彲涓?null銆?[C:\Users\Humulus.MSI\Documents\Mydata\Programming\MDiceV2\MDiceV2.Core\MDiceV2.Core.csproj]
C:\Users\Humulus.MSI\Documents\Mydata\Programming\MDiceV2\MDiceV2.Core\GameBattle\GameLoader.cs(55,28): warning CS8603: 鍙兘杩斿洖 null 寮曠敤銆?[C:\Users\Humulus.MSI\Documents\Mydata\Programming\MDiceV2\MDiceV2.Core\MDiceV2.Core.csproj]
C:\Users\Humulus.MSI\Documents\Mydata\Programming\MDiceV2\MDiceV2.Core\GameBattle\GameLoader.cs(67,32): warning CS8603: 鍙兘杩斿洖 null 寮曠敤銆?[C:\Users\Humulus.MSI\Documents\Mydata\Programming\MDiceV2\MDiceV2.Core\MDiceV2.Core.csproj]
C:\Users\Humulus.MSI\Documents\Mydata\Programming\MDiceV2\MDiceV2.Core\GameBattle\GameLoader.cs(72,32): warning CS8603: 鍙兘杩斿洖 null 寮曠敤銆?[C:\Users\Humulus.MSI\Documents\Mydata\Programming\MDiceV2\MDiceV2.Core\MDiceV2.Core.csproj]
C:\Users\Humulus.MSI\Documents\Mydata\Programming\MDiceV2\MDiceV2.Core\GameBattle\GameStateSnapshot.cs(67,39): warning CS8603: 鍙兘杩斿洖 null 寮曠敤銆?[C:\Users\Humulus.MSI\Documents\Mydata\Programming\MDiceV2\MDiceV2.Core\MDiceV2.Core.csproj]
C:\Users\Humulus.MSI\Documents\Mydata\Programming\MDiceV2\MDiceV2.Core\GameBattle\GameStateSnapshot.cs(78,46): warning CS8604: 鈥淐ardSnapshot GameStateSnapshotMapper.ToCardSnapshot(Card card)鈥濅腑鐨勫舰鍙傗€渃ard鈥濆彲鑳戒紶鍏?null 寮曠敤瀹炲弬銆?[C:\Users\Humulus.MSI\Documents\Mydata\Programming\MDiceV2\MDiceV2.Core\MDiceV2.Core.csproj]
C:\Users\Humulus.MSI\Documents\Mydata\Programming\MDiceV2\MDiceV2.Core\GameBattle\GameStateSnapshot.cs(86,42): warning CS8603: 鍙兘杩斿洖 null 寮曠敤銆?[C:\Users\Humulus.MSI\Documents\Mydata\Programming\MDiceV2\MDiceV2.Core\MDiceV2.Core.csproj]
C:\Users\Humulus.MSI\Documents\Mydata\Programming\MDiceV2\MDiceV2.Core\UI\Views\ConfigContainer.axaml.cs(275,54): warning CS0253: 鍙兘闈炴湁鎰忕殑寮曠敤姣旇緝锛涜嫢瑕佽幏鍙栧€兼瘮杈冿紝璇峰皢鍙宠竟杞崲涓虹被鍨嬧€渟tring鈥?[C:\Users\Humulus.MSI\Documents\Mydata\Programming\MDiceV2\MDiceV2.Core\MDiceV2.Core.csproj]
C:\Users\Humulus.MSI\Documents\Mydata\Programming\MDiceV2\MDiceV2.Core\GameBattle\GameStorage.cs(48,24): warning CS8603: 鍙兘杩斿洖 null 寮曠敤銆?[C:\Users\Humulus.MSI\Documents\Mydata\Programming\MDiceV2\MDiceV2.Core\MDiceV2.Core.csproj]
C:\Users\Humulus.MSI\Documents\Mydata\Programming\MDiceV2\MDiceV2.Core\GameBattle\GameStorage.cs(52,20): warning CS8603: 鍙兘杩斿洖 null 寮曠敤銆?[C:\Users\Humulus.MSI\Documents\Mydata\Programming\MDiceV2\MDiceV2.Core\MDiceV2.Core.csproj]
C:\Users\Humulus.MSI\Documents\Mydata\Programming\MDiceV2\MDiceV2.Core\GameBattle\GameStateSnapshot.cs(108,40): warning CS8603: 鍙兘杩斿洖 null 寮曠敤銆?[C:\Users\Humulus.MSI\Documents\Mydata\Programming\MDiceV2\MDiceV2.Core\MDiceV2.Core.csproj]
C:\Users\Humulus.MSI\Documents\Mydata\Programming\MDiceV2\MDiceV2.Core\GameBattle\GameStateSnapshot.cs(120,46): warning CS8604: 鈥淔ieldSnapshot GameStateSnapshotMapper.ToFieldSnapshot(Field field)鈥濅腑鐨勫舰鍙傗€渇ield鈥濆彲鑳戒紶鍏?null 寮曠敤瀹炲弬銆?[C:\Users\Humulus.MSI\Documents\Mydata\Programming\MDiceV2\MDiceV2.Core\MDiceV2.Core.csproj]
C:\Users\Humulus.MSI\Documents\Mydata\Programming\MDiceV2\MDiceV2.Core\GameBattle\GameStateSnapshot.cs(121,47): warning CS8604: 鈥淔ieldSnapshot GameStateSnapshotMapper.ToFieldSnapshot(Field field)鈥濅腑鐨勫舰鍙傗€渇ield鈥濆彲鑳戒紶鍏?null 寮曠敤瀹炲弬銆?[C:\Users\Humulus.MSI\Documents\Mydata\Programming\MDiceV2\MDiceV2.Core\MDiceV2.Core.csproj]
C:\Users\Humulus.MSI\Documents\Mydata\Programming\MDiceV2\MDiceV2.Core\GameBattle\GameStateSnapshot.cs(122,45): warning CS8604: 鈥淔ieldSnapshot GameStateSnapshotMapper.ToFieldSnapshot(Field field)鈥濅腑鐨勫舰鍙傗€渇ield鈥濆彲鑳戒紶鍏?null 寮曠敤瀹炲弬銆?[C:\Users\Humulus.MSI\Documents\Mydata\Programming\MDiceV2\MDiceV2.Core\MDiceV2.Core.csproj]
C:\Users\Humulus.MSI\Documents\Mydata\Programming\MDiceV2\MDiceV2.Core\GameBattle\GameStateSnapshot.cs(55,23): warning CS8618: 鍦ㄩ€€鍑烘瀯閫犲嚱鏁版椂锛屼笉鍙负 null 鐨?灞炴€?"Name" 蹇呴』鍖呭惈闈?null 鍊笺€傝鑰冭檻娣诲姞 "required" 淇グ绗︽垨灏嗚 灞炴€?澹版槑涓哄彲涓?null銆?[C:\Users\Humulus.MSI\Documents\Mydata\Programming\MDiceV2\MDiceV2.Core\MDiceV2.Core.csproj]
C:\Users\Humulus.MSI\Documents\Mydata\Programming\MDiceV2\MDiceV2.Core\Models\GlobalRandom.cs(22,46): warning CS8603: 鍙兘杩斿洖 null 寮曠敤銆?[C:\Users\Humulus.MSI\Documents\Mydata\Programming\MDiceV2\MDiceV2.Core\MDiceV2.Core.csproj]
C:\Users\Humulus.MSI\Documents\Mydata\Programming\MDiceV2\MDiceV2.Core\GameBattle\SkillTrigger.cs(52,23): warning CS8618: 鍦ㄩ€€鍑烘瀯閫犲嚱鏁版椂锛屼笉鍙负 null 鐨?灞炴€?"SkillId" 蹇呴』鍖呭惈闈?null 鍊笺€傝鑰冭檻娣诲姞 "required" 淇グ绗︽垨灏嗚 灞炴€?澹版槑涓哄彲涓?null銆?[C:\Users\Humulus.MSI\Documents\Mydata\Programming\MDiceV2\MDiceV2.Core\MDiceV2.Core.csproj]
C:\Users\Humulus.MSI\Documents\Mydata\Programming\MDiceV2\MDiceV2.Core\GameBattle\SkillTrigger.cs(57,23): warning CS8618: 鍦ㄩ€€鍑烘瀯閫犲嚱鏁版椂锛屼笉鍙负 null 鐨?灞炴€?"Name" 蹇呴』鍖呭惈闈?null 鍊笺€傝鑰冭檻娣诲姞 "required" 淇グ绗︽垨灏嗚 灞炴€?澹版槑涓哄彲涓?null銆?[C:\Users\Humulus.MSI\Documents\Mydata\Programming\MDiceV2\MDiceV2.Core\MDiceV2.Core.csproj]
C:\Users\Humulus.MSI\Documents\Mydata\Programming\MDiceV2\MDiceV2.Core\GameBattle\SkillTrigger.cs(62,23): warning CS8618: 鍦ㄩ€€鍑烘瀯閫犲嚱鏁版椂锛屼笉鍙负 null 鐨?灞炴€?"Description" 蹇呴』鍖呭惈闈?null 鍊笺€傝鑰冭檻娣诲姞 "required" 淇グ绗︽垨灏嗚 灞炴€?澹版槑涓哄彲涓?null銆?[C:\Users\Humulus.MSI\Documents\Mydata\Programming\MDiceV2\MDiceV2.Core\MDiceV2.Core.csproj]
C:\Users\Humulus.MSI\Documents\Mydata\Programming\MDiceV2\MDiceV2.Core\GameBattle\SkillTrigger.cs(72,23): warning CS8618: 鍦ㄩ€€鍑烘瀯閫犲嚱鏁版椂锛屼笉鍙负 null 鐨?灞炴€?"LuaFunctionName" 蹇呴』鍖呭惈闈?null 鍊笺€傝鑰冭檻娣诲姞 "required" 淇グ绗︽垨灏嗚 灞炴€?澹版槑涓哄彲涓?null銆?[C:\Users\Humulus.MSI\Documents\Mydata\Programming\MDiceV2\MDiceV2.Core\MDiceV2.Core.csproj]
C:\Users\Humulus.MSI\Documents\Mydata\Programming\MDiceV2\MDiceV2.Core\GameBattle\SkillTrigger.cs(82,23): warning CS8618: 鍦ㄩ€€鍑烘瀯閫犲嚱鏁版椂锛屼笉鍙负 null 鐨?灞炴€?"LuaScript" 蹇呴』鍖呭惈闈?null 鍊笺€傝鑰冭檻娣诲姞 "required" 淇グ绗︽垨灏嗚 灞炴€?澹版槑涓哄彲涓?null銆?[C:\Users\Humulus.MSI\Documents\Mydata\Programming\MDiceV2\MDiceV2.Core\MDiceV2.Core.csproj]
C:\Users\Humulus.MSI\Documents\Mydata\Programming\MDiceV2\MDiceV2.Core\GameBattle\GameStateSnapshot.cs(128,42): warning CS8603: 鍙兘杩斿洖 null 寮曠敤銆?[C:\Users\Humulus.MSI\Documents\Mydata\Programming\MDiceV2\MDiceV2.Core\MDiceV2.Core.csproj]
C:\Users\Humulus.MSI\Documents\Mydata\Programming\MDiceV2\MDiceV2.Core\GameBattle\GameStateSnapshot.cs(142,34): warning CS8604: 鈥渧oid GameStateSnapshotMapper.RestoreField(Player player, Field field, FieldSnapshot snapshot)鈥濅腑鐨勫舰鍙傗€渇ield鈥濆彲鑳戒紶鍏?null 寮曠敤瀹炲弬銆?[C:\Users\Humulus.MSI\Documents\Mydata\Programming\MDiceV2\MDiceV2.Core\MDiceV2.Core.csproj]
C:\Users\Humulus.MSI\Documents\Mydata\Programming\MDiceV2\MDiceV2.Core\GameBattle\GameStateSnapshot.cs(143,34): warning CS8604: 鈥渧oid GameStateSnapshotMapper.RestoreField(Player player, Field field, FieldSnapshot snapshot)鈥濅腑鐨勫舰鍙傗€渇ield鈥濆彲鑳戒紶鍏?null 寮曠敤瀹炲弬銆?[C:\Users\Humulus.MSI\Documents\Mydata\Programming\MDiceV2\MDiceV2.Core\MDiceV2.Core.csproj]
C:\Users\Humulus.MSI\Documents\Mydata\Programming\MDiceV2\MDiceV2.Core\GameBattle\GameStateSnapshot.cs(144,34): warning CS8604: 鈥渧oid GameStateSnapshotMapper.RestoreField(Player player, Field field, FieldSnapshot snapshot)鈥濅腑鐨勫舰鍙傗€渇ield鈥濆彲鑳戒紶鍏?null 寮曠敤瀹炲弬銆?[C:\Users\Humulus.MSI\Documents\Mydata\Programming\MDiceV2\MDiceV2.Core\MDiceV2.Core.csproj]
C:\Users\Humulus.MSI\Documents\Mydata\Programming\MDiceV2\MDiceV2.Core\GameBattle\GameStorage.cs(63,20): warning CS8619: 绫诲瀷鈥淟ist<string?>鈥濈殑鍊间腑寮曠敤绫诲瀷鐨勪负 Null 鎬т笌鐩爣绫诲瀷鈥淟ist<string>鈥濅笉鍖归厤銆?[C:\Users\Humulus.MSI\Documents\Mydata\Programming\MDiceV2\MDiceV2.Core\MDiceV2.Core.csproj]
C:\Users\Humulus.MSI\Documents\Mydata\Programming\MDiceV2\MDiceV2.Core\GameBattle\GameStateSnapshot.cs(218,38): warning CS8603: 鍙兘杩斿洖 null 寮曠敤銆?[C:\Users\Humulus.MSI\Documents\Mydata\Programming\MDiceV2\MDiceV2.Core\MDiceV2.Core.csproj]
C:\Users\Humulus.MSI\Documents\Mydata\Programming\MDiceV2\MDiceV2.Core\GameBattle\GameStateSnapshot.cs(224,28): warning CS8601: 鍙兘鐨?null 寮曠敤璧嬪€笺€?[C:\Users\Humulus.MSI\Documents\Mydata\Programming\MDiceV2\MDiceV2.Core\MDiceV2.Core.csproj]
C:\Users\Humulus.MSI\Documents\Mydata\Programming\MDiceV2\MDiceV2.Core\GameBattle\GameStateSnapshot.cs(232,24): warning CS8601: 鍙兘鐨?null 寮曠敤璧嬪€笺€?[C:\Users\Humulus.MSI\Documents\Mydata\Programming\MDiceV2\MDiceV2.Core\MDiceV2.Core.csproj]
C:\Users\Humulus.MSI\Documents\Mydata\Programming\MDiceV2\MDiceV2.Core\GameBattle\GameLoader.cs(148,30): warning CS8714: 绫诲瀷鈥渟tring?鈥濅笉鑳界敤浣滄硾鍨嬬被鍨嬫垨鏂规硶鈥淓numerable.ToDictionary<TSource, TKey, TElement>(IEnumerable<TSource>, Func<TSource, TKey>, Func<TSource, TElement>)鈥濅腑鐨勭被鍨嬪弬鏁扳€淭Key鈥濄€傜被鍨嬪弬鏁扳€渟tring?鈥濈殑涓?Null 鎬т笌 "notnull" 绾︽潫涓嶅尮閰嶃€?[C:\Users\Humulus.MSI\Documents\Mydata\Programming\MDiceV2\MDiceV2.Core\MDiceV2.Core.csproj]
C:\Users\Humulus.MSI\Documents\Mydata\Programming\MDiceV2\MDiceV2.Core\GameBattle\GameLoader.cs(148,69): warning CS8621: 鈥渓ambda 琛ㄨ揪寮忊€濈殑杩斿洖绫诲瀷涓紩鐢ㄧ被鍨嬬殑涓?Null 鎬т笌鐩爣濮旀墭鈥淔unc<IGrouping<string?, Character>, string?>鈥濅笉鍖归厤(鍙兘鏄敱浜庝负 Null 鎬х壒鎬?銆?[C:\Users\Humulus.MSI\Documents\Mydata\Programming\MDiceV2\MDiceV2.Core\MDiceV2.Core.csproj]
C:\Users\Humulus.MSI\Documents\Mydata\Programming\MDiceV2\MDiceV2.Core\GameBattle\GameStateSnapshot.cs(239,42): warning CS8603: 鍙兘杩斿洖 null 寮曠敤銆?[C:\Users\Humulus.MSI\Documents\Mydata\Programming\MDiceV2\MDiceV2.Core\MDiceV2.Core.csproj]
C:\Users\Humulus.MSI\Documents\Mydata\Programming\MDiceV2\MDiceV2.Core\GameBattle\GameStateSnapshot.cs(247,28): warning CS8603: 鍙兘杩斿洖 null 寮曠敤銆?[C:\Users\Humulus.MSI\Documents\Mydata\Programming\MDiceV2\MDiceV2.Core\MDiceV2.Core.csproj]
C:\Users\Humulus.MSI\Documents\Mydata\Programming\MDiceV2\MDiceV2.Core\GameBattle\GameStateSnapshot.cs(263,28): warning CS8603: 鍙兘杩斿洖 null 寮曠敤銆?[C:\Users\Humulus.MSI\Documents\Mydata\Programming\MDiceV2\MDiceV2.Core\MDiceV2.Core.csproj]
C:\Users\Humulus.MSI\Documents\Mydata\Programming\MDiceV2\MDiceV2.Core\Models\GlobalMessageQueue.cs(152,65): warning CS8604: 鈥渧oid Action<object>.Invoke(object obj)鈥濅腑鐨勫舰鍙傗€渙bj鈥濆彲鑳戒紶鍏?null 寮曠敤瀹炲弬銆?[C:\Users\Humulus.MSI\Documents\Mydata\Programming\MDiceV2\MDiceV2.Core\MDiceV2.Core.csproj]
C:\Users\Humulus.MSI\Documents\Mydata\Programming\MDiceV2\MDiceV2.Core\Infrastructure\GrpcConfigSyncClient.cs(307,26): warning CS0168: 澹版槑浜嗗彉閲忊€渆x鈥濓紝浣嗕粠鏈娇鐢ㄨ繃 [C:\Users\Humulus.MSI\Documents\Mydata\Programming\MDiceV2\MDiceV2.Core\MDiceV2.Core.csproj]
C:\Users\Humulus.MSI\Documents\Mydata\Programming\MDiceV2\MDiceV2.Core\Models\GlobalMessageQueue.cs(43,38): warning CS8618: 鍦ㄩ€€鍑烘瀯閫犲嚱鏁版椂锛屼笉鍙负 null 鐨?灞炴€?"Instance" 蹇呴』鍖呭惈闈?null 鍊笺€傝鑰冭檻娣诲姞 "required" 淇グ绗︽垨灏嗚 灞炴€?澹版槑涓哄彲涓?null銆?[C:\Users\Humulus.MSI\Documents\Mydata\Programming\MDiceV2\MDiceV2.Core\MDiceV2.Core.csproj]
C:\Users\Humulus.MSI\Documents\Mydata\Programming\MDiceV2\MDiceV2.Core\GameBattle\GameLoader.cs(371,53): warning CS8604: 鈥渂ool Dictionary<string, Character>.ContainsKey(string key)鈥濅腑鐨勫舰鍙傗€渒ey鈥濆彲鑳戒紶鍏?null 寮曠敤瀹炲弬銆?[C:\Users\Humulus.MSI\Documents\Mydata\Programming\MDiceV2\MDiceV2.Core\MDiceV2.Core.csproj]
C:\Users\Humulus.MSI\Documents\Mydata\Programming\MDiceV2\MDiceV2.Core\GameBattle\GameLoader.cs(505,52): warning CS8604: 鈥渂ool Dictionary<string, LuaSkill>.TryGetValue(string key, out LuaSkill value)鈥濅腑鐨勫舰鍙傗€渒ey鈥濆彲鑳戒紶鍏?null 寮曠敤瀹炲弬銆?[C:\Users\Humulus.MSI\Documents\Mydata\Programming\MDiceV2\MDiceV2.Core\MDiceV2.Core.csproj]
C:\Users\Humulus.MSI\Documents\Mydata\Programming\MDiceV2\MDiceV2.Core\GameBattle\GameLoader.cs(516,39): warning CS8604: 鈥淪pecialCard Dictionary<string, SpecialCard>.this[string key]鈥濅腑鐨勫舰鍙傗€渒ey鈥濆彲鑳戒紶鍏?null 寮曠敤瀹炲弬銆?[C:\Users\Humulus.MSI\Documents\Mydata\Programming\MDiceV2\MDiceV2.Core\MDiceV2.Core.csproj]
C:\Users\Humulus.MSI\Documents\Mydata\Programming\MDiceV2\MDiceV2.Core\GameBattle\TurnManager.cs(771,24): warning CS8603: 鍙兘杩斿洖 null 寮曠敤銆?[C:\Users\Humulus.MSI\Documents\Mydata\Programming\MDiceV2\MDiceV2.Core\MDiceV2.Core.csproj]
C:\Users\Humulus.MSI\Documents\Mydata\Programming\MDiceV2\MDiceV2.Core\GameBattle\GameLoader.cs(664,42): warning CS8601: 鍙兘鐨?null 寮曠敤璧嬪€笺€?[C:\Users\Humulus.MSI\Documents\Mydata\Programming\MDiceV2\MDiceV2.Core\MDiceV2.Core.csproj]
C:\Users\Humulus.MSI\Documents\Mydata\Programming\MDiceV2\MDiceV2.Core\GameBattle\GameLoader.cs(823,48): warning CS8604: 鈥渂ool Dictionary<string, LuaSkill>.TryGetValue(string key, out LuaSkill value)鈥濅腑鐨勫舰鍙傗€渒ey鈥濆彲鑳戒紶鍏?null 寮曠敤瀹炲弬銆?[C:\Users\Humulus.MSI\Documents\Mydata\Programming\MDiceV2\MDiceV2.Core\MDiceV2.Core.csproj]
C:\Users\Humulus.MSI\Documents\Mydata\Programming\MDiceV2\MDiceV2.Core\GameBattle\GameLoader.cs(843,48): warning CS8604: 鈥渂ool Dictionary<string, LuaSkill>.TryGetValue(string key, out LuaSkill value)鈥濅腑鐨勫舰鍙傗€渒ey鈥濆彲鑳戒紶鍏?null 寮曠敤瀹炲弬銆?[C:\Users\Humulus.MSI\Documents\Mydata\Programming\MDiceV2\MDiceV2.Core\MDiceV2.Core.csproj]
C:\Users\Humulus.MSI\Documents\Mydata\Programming\MDiceV2\MDiceV2.Core\GameBattle\GameLoader.cs(978,29): warning CS8600: 灏?null 鏂囨湰鎴栧彲鑳界殑 null 鍊艰浆鎹负涓嶅彲涓?null 绫诲瀷銆?[C:\Users\Humulus.MSI\Documents\Mydata\Programming\MDiceV2\MDiceV2.Core\MDiceV2.Core.csproj]
C:\Users\Humulus.MSI\Documents\Mydata\Programming\MDiceV2\MDiceV2.Core\GameBattle\GameLoader.cs(981,38): warning CS8601: 鍙兘鐨?null 寮曠敤璧嬪€笺€?[C:\Users\Humulus.MSI\Documents\Mydata\Programming\MDiceV2\MDiceV2.Core\MDiceV2.Core.csproj]
C:\Users\Humulus.MSI\Documents\Mydata\Programming\MDiceV2\MDiceV2.Core\Models\MessageDistribution.cs(1287,58): warning CS8601: 鍙兘鐨?null 寮曠敤璧嬪€笺€?[C:\Users\Humulus.MSI\Documents\Mydata\Programming\MDiceV2\MDiceV2.Core\MDiceV2.Core.csproj]
C:\Users\Humulus.MSI\Documents\Mydata\Programming\MDiceV2\MDiceV2.Core\Models\MessageDistribution.cs(1328,16): warning CS8603: 鍙兘杩斿洖 null 寮曠敤銆?[C:\Users\Humulus.MSI\Documents\Mydata\Programming\MDiceV2\MDiceV2.Core\MDiceV2.Core.csproj]
C:\Users\Humulus.MSI\Documents\Mydata\Programming\MDiceV2\MDiceV2.Core\UI\ViewModels\MainViewModel.cs(2759,48): warning CS0618: 鈥淢essageProcessor.GetInstance()鈥濆凡杩囨椂:鈥滃簲浣跨敤渚濊禆娉ㄥ叆鑰岄潪GetInstance()鈥?[C:\Users\Humulus.MSI\Documents\Mydata\Programming\MDiceV2\MDiceV2.Core\MDiceV2.Core.csproj]
C:\Users\Humulus.MSI\Documents\Mydata\Programming\MDiceV2\MDiceV2.Core\UI\ViewModels\MainViewModel.cs(2912,36): warning CS0618: 鈥淢essageProcessor.GetInstance()鈥濆凡杩囨椂:鈥滃簲浣跨敤渚濊禆娉ㄥ叆鑰岄潪GetInstance()鈥?[C:\Users\Humulus.MSI\Documents\Mydata\Programming\MDiceV2\MDiceV2.Core\MDiceV2.Core.csproj]
C:\Users\Humulus.MSI\Documents\Mydata\Programming\MDiceV2\MDiceV2.Core\UI\ViewModels\MainViewModel.cs(3168,36): warning CS0618: 鈥淢essageProcessor.GetInstance()鈥濆凡杩囨椂:鈥滃簲浣跨敤渚濊禆娉ㄥ叆鑰岄潪GetInstance()鈥?[C:\Users\Humulus.MSI\Documents\Mydata\Programming\MDiceV2\MDiceV2.Core\MDiceV2.Core.csproj]
C:\Users\Humulus.MSI\Documents\Mydata\Programming\MDiceV2\MDiceV2.Core\Infrastructure\ServiceBootstrapper.cs(494,58): warning CS0067: 浠庝笉浣跨敤浜嬩欢鈥淕rpcProxyChannel.OnMessageReceived鈥?[C:\Users\Humulus.MSI\Documents\Mydata\Programming\MDiceV2\MDiceV2.Core\MDiceV2.Core.csproj]
C:\Users\Humulus.MSI\Documents\Mydata\Programming\MDiceV2\MDiceV2.Core\UI\App.cs(146,36): warning IL3000: 'System.Reflection.Assembly.Location.get' always returns an empty string for assemblies embedded in a single-file app. If the path to the app directory is needed, consider calling 'System.AppContext.BaseDirectory'. [C:\Users\Humulus.MSI\Documents\Mydata\Programming\MDiceV2\MDiceV2.Core\MDiceV2.Core.csproj]
C:\Users\Humulus.MSI\Documents\Mydata\Programming\MDiceV2\MDiceV2.Core\UI\ViewModels\MainViewModel.cs(897,21): warning IL3000: 'System.Reflection.Assembly.Location.get' always returns an empty string for assemblies embedded in a single-file app. If the path to the app directory is needed, consider calling 'System.AppContext.BaseDirectory'. [C:\Users\Humulus.MSI\Documents\Mydata\Programming\MDiceV2\MDiceV2.Core\MDiceV2.Core.csproj]
    82 涓鍛?
    0 涓敊璇?

宸茬敤鏃堕棿 00:00:03.81
Building CustomizedReply Mod...
  姝ｅ湪纭畾瑕佽繕鍘熺殑椤圭洰鈥?
  鎵€鏈夐」鐩潎鏄渶鏂扮殑锛屾棤娉曡繕鍘熴€?
  Generated version 0.2.5.4114 (info: 0.2.5.4114-beta) -> obj\Release\net9.0\GeneratedVersion.g.cs
  Generated version 0.2.5.4115 (info: 0.2.5.4115-beta) -> obj\Release\net10.0-windows\GeneratedVersion.g.cs
  MDiceV2.Abstractions -> C:\Users\Humulus.MSI\Documents\Mydata\Programming\MDiceV2\MDiceV2.Abstractions\bin\Release\net9.0\MDiceV2.Abstractions.dll
  MDiceV2.Interfaces -> C:\Users\Humulus.MSI\Documents\Mydata\Programming\MDiceV2\MDiceV2.Interfaces\bin\Release\net10.0-windows\MDiceV2.Interfaces.dll
  Generated version 0.2.5.4116 (info: 0.2.5.4116-beta) -> obj\Release\net10.0-windows\win-x64\GeneratedVersion.g.cs
C:\Users\Humulus.MSI\Documents\Mydata\Programming\MDiceV2\MDiceV2.Core\obj\Release\net10.0-windows\win-x64\Avalonia.Generators\Avalonia.Generators.NameGenerator.AvaloniaNameSourceGenerator\MDiceV2.Core.UI.Views.AdjustableConfigContainer.g.cs(12,51): warning CS0108: 鈥淎djustableConfigContainer.Title鈥濋殣钘忕户鎵跨殑鎴愬憳鈥淐onfigContainer.Title鈥濄€傚鏋滄槸鏈夋剰闅愯棌锛岃浣跨敤鍏抽敭瀛?new銆?[C:\Users\Humulus.MSI\Documents\Mydata\Programming\MDiceV2\MDiceV2.Core\MDiceV2.Core.csproj]
C:\Users\Humulus.MSI\Documents\Mydata\Programming\MDiceV2\MDiceV2.Core\obj\Release\net10.0-windows\win-x64\Avalonia.Generators\Avalonia.Generators.NameGenerator.AvaloniaNameSourceGenerator\MDiceV2.Core.UI.Views.AdjustableConfigContainer.g.cs(14,51): warning CS0108: 鈥淎djustableConfigContainer.SearchButton鈥濋殣钘忕户鎵跨殑鎴愬憳鈥淐onfigContainer.SearchButton鈥濄€傚鏋滄槸鏈夋剰闅愯棌锛岃浣跨敤鍏抽敭瀛?new銆?[C:\Users\Humulus.MSI\Documents\Mydata\Programming\MDiceV2\MDiceV2.Core\MDiceV2.Core.csproj]
C:\Users\Humulus.MSI\Documents\Mydata\Programming\MDiceV2\MDiceV2.Core\obj\Release\net10.0-windows\win-x64\Avalonia.Generators\Avalonia.Generators.NameGenerator.AvaloniaNameSourceGenerator\MDiceV2.Core.UI.Views.AdjustableConfigContainer.g.cs(18,51): warning CS0108: 鈥淎djustableConfigContainer.HelpButton鈥濋殣钘忕户鎵跨殑鎴愬憳鈥淐onfigContainer.HelpButton鈥濄€傚鏋滄槸鏈夋剰闅愯棌锛岃浣跨敤鍏抽敭瀛?new銆?[C:\Users\Humulus.MSI\Documents\Mydata\Programming\MDiceV2\MDiceV2.Core\MDiceV2.Core.csproj]
C:\Users\Humulus.MSI\Documents\Mydata\Programming\MDiceV2\MDiceV2.Core\obj\Release\net10.0-windows\win-x64\Avalonia.Generators\Avalonia.Generators.NameGenerator.AvaloniaNameSourceGenerator\MDiceV2.Core.UI.Views.AdjustableConfigContainer.g.cs(20,51): warning CS0108: 鈥淎djustableConfigContainer.SearchPanel鈥濋殣钘忕户鎵跨殑鎴愬憳鈥淐onfigContainer.SearchPanel鈥濄€傚鏋滄槸鏈夋剰闅愯棌锛岃浣跨敤鍏抽敭瀛?new銆?[C:\Users\Humulus.MSI\Documents\Mydata\Programming\MDiceV2\MDiceV2.Core\MDiceV2.Core.csproj]
C:\Users\Humulus.MSI\Documents\Mydata\Programming\MDiceV2\MDiceV2.Core\obj\Release\net10.0-windows\win-x64\Avalonia.Generators\Avalonia.Generators.NameGenerator.AvaloniaNameSourceGenerator\MDiceV2.Core.UI.Views.AdjustableConfigContainer.g.cs(22,51): warning CS0108: 鈥淎djustableConfigContainer.FillArea鈥濋殣钘忕户鎵跨殑鎴愬憳鈥淐onfigContainer.FillArea鈥濄€傚鏋滄槸鏈夋剰闅愯棌锛岃浣跨敤鍏抽敭瀛?new銆?[C:\Users\Humulus.MSI\Documents\Mydata\Programming\MDiceV2\MDiceV2.Core\MDiceV2.Core.csproj]
C:\Users\Humulus.MSI\Documents\Mydata\Programming\MDiceV2\MDiceV2.Core\obj\Release\net10.0-windows\win-x64\Avalonia.Generators\Avalonia.Generators.NameGenerator.AvaloniaNameSourceGenerator\MDiceV2.Core.UI.Views.AdjustableConfigContainer.g.cs(24,49): warning CS0108: 鈥淎djustableConfigContainer.SearchControls鈥濋殣钘忕户鎵跨殑鎴愬憳鈥淐onfigContainer.SearchControls鈥濄€傚鏋滄槸鏈夋剰闅愯棌锛岃浣跨敤鍏抽敭瀛?new銆?[C:\Users\Humulus.MSI\Documents\Mydata\Programming\MDiceV2\MDiceV2.Core\MDiceV2.Core.csproj]
C:\Users\Humulus.MSI\Documents\Mydata\Programming\MDiceV2\MDiceV2.Core\obj\Release\net10.0-windows\win-x64\Avalonia.Generators\Avalonia.Generators.NameGenerator.AvaloniaNameSourceGenerator\MDiceV2.Core.UI.Views.AdjustableConfigContainer.g.cs(38,51): warning CS0108: 鈥淎djustableConfigContainer.HelpPanel鈥濋殣钘忕户鎵跨殑鎴愬憳鈥淐onfigContainer.HelpPanel鈥濄€傚鏋滄槸鏈夋剰闅愯棌锛岃浣跨敤鍏抽敭瀛?new銆?[C:\Users\Humulus.MSI\Documents\Mydata\Programming\MDiceV2\MDiceV2.Core\MDiceV2.Core.csproj]
C:\Users\Humulus.MSI\Documents\Mydata\Programming\MDiceV2\MDiceV2.Core\obj\Release\net10.0-windows\win-x64\Avalonia.Generators\Avalonia.Generators.NameGenerator.AvaloniaNameSourceGenerator\MDiceV2.Core.UI.Views.AdjustableConfigContainer.g.cs(40,51): warning CS0108: 鈥淎djustableConfigContainer.HelpFillArea鈥濋殣钘忕户鎵跨殑鎴愬憳鈥淐onfigContainer.HelpFillArea鈥濄€傚鏋滄槸鏈夋剰闅愯棌锛岃浣跨敤鍏抽敭瀛?new銆?[C:\Users\Humulus.MSI\Documents\Mydata\Programming\MDiceV2\MDiceV2.Core\MDiceV2.Core.csproj]
C:\Users\Humulus.MSI\Documents\Mydata\Programming\MDiceV2\MDiceV2.Core\obj\Release\net10.0-windows\win-x64\Avalonia.Generators\Avalonia.Generators.NameGenerator.AvaloniaNameSourceGenerator\MDiceV2.Core.UI.Views.AdjustableConfigContainer.g.cs(42,49): warning CS0108: 鈥淎djustableConfigContainer.HelpContent鈥濋殣钘忕户鎵跨殑鎴愬憳鈥淐onfigContainer.HelpContent鈥濄€傚鏋滄槸鏈夋剰闅愯棌锛岃浣跨敤鍏抽敭瀛?new銆?[C:\Users\Humulus.MSI\Documents\Mydata\Programming\MDiceV2\MDiceV2.Core\MDiceV2.Core.csproj]
C:\Users\Humulus.MSI\Documents\Mydata\Programming\MDiceV2\MDiceV2.Core\obj\Release\net10.0-windows\win-x64\Avalonia.Generators\Avalonia.Generators.NameGenerator.AvaloniaNameSourceGenerator\MDiceV2.Core.UI.Views.AdjustableConfigContainer.g.cs(44,54): warning CS0108: 鈥淎djustableConfigContainer.HelpTextBlock鈥濋殣钘忕户鎵跨殑鎴愬憳鈥淐onfigContainer.HelpTextBlock鈥濄€傚鏋滄槸鏈夋剰闅愯棌锛岃浣跨敤鍏抽敭瀛?new銆?[C:\Users\Humulus.MSI\Documents\Mydata\Programming\MDiceV2\MDiceV2.Core\MDiceV2.Core.csproj]
C:\Users\Humulus.MSI\Documents\Mydata\Programming\MDiceV2\MDiceV2.Core\obj\Release\net10.0-windows\win-x64\Avalonia.Generators\Avalonia.Generators.NameGenerator.AvaloniaNameSourceGenerator\MDiceV2.Core.UI.Views.AdjustableConfigContainer.g.cs(55,21): warning CS0108: 鈥淎djustableConfigContainer.InitializeComponent(bool)鈥濋殣钘忕户鎵跨殑鎴愬憳鈥淐onfigContainer.InitializeComponent(bool)鈥濄€傚鏋滄槸鏈夋剰闅愯棌锛岃浣跨敤鍏抽敭瀛?new銆?[C:\Users\Humulus.MSI\Documents\Mydata\Programming\MDiceV2\MDiceV2.Core\MDiceV2.Core.csproj]
C:\Users\Humulus.MSI\Documents\Mydata\Programming\MDiceV2\MDiceV2.Core\GameBattle\TurnManager.cs(44,24): warning CS8603: 鍙兘杩斿洖 null 寮曠敤銆?[C:\Users\Humulus.MSI\Documents\Mydata\Programming\MDiceV2\MDiceV2.Core\MDiceV2.Core.csproj]
C:\Users\Humulus.MSI\Documents\Mydata\Programming\MDiceV2\MDiceV2.Core\GameBattle\TurnManager.cs(49,24): warning CS8603: 鍙兘杩斿洖 null 寮曠敤銆?[C:\Users\Humulus.MSI\Documents\Mydata\Programming\MDiceV2\MDiceV2.Core\MDiceV2.Core.csproj]
C:\Users\Humulus.MSI\Documents\Mydata\Programming\MDiceV2\MDiceV2.Core\Models\GlobalRandom.cs(22,46): warning CS8603: 鍙兘杩斿洖 null 寮曠敤銆?[C:\Users\Humulus.MSI\Documents\Mydata\Programming\MDiceV2\MDiceV2.Core\MDiceV2.Core.csproj]
C:\Users\Humulus.MSI\Documents\Mydata\Programming\MDiceV2\MDiceV2.Core\GameBattle\AIController.cs(92,47): warning CS8604: 鈥淟ist<string> AIController.PlaceCharacterRandomly(CharacterCard card)鈥濅腑鐨勫舰鍙傗€渃ard鈥濆彲鑳戒紶鍏?null 寮曠敤瀹炲弬銆?[C:\Users\Humulus.MSI\Documents\Mydata\Programming\MDiceV2\MDiceV2.Core\MDiceV2.Core.csproj]
C:\Users\Humulus.MSI\Documents\Mydata\Programming\MDiceV2\MDiceV2.Core\Models\GlobalMessageQueue.cs(152,65): warning CS8604: 鈥渧oid Action<object>.Invoke(object obj)鈥濅腑鐨勫舰鍙傗€渙bj鈥濆彲鑳戒紶鍏?null 寮曠敤瀹炲弬銆?[C:\Users\Humulus.MSI\Documents\Mydata\Programming\MDiceV2\MDiceV2.Core\MDiceV2.Core.csproj]
C:\Users\Humulus.MSI\Documents\Mydata\Programming\MDiceV2\MDiceV2.Core\Models\GlobalMessageQueue.cs(43,38): warning CS8618: 鍦ㄩ€€鍑烘瀯閫犲嚱鏁版椂锛屼笉鍙负 null 鐨?灞炴€?"Instance" 蹇呴』鍖呭惈闈?null 鍊笺€傝鑰冭檻娣诲姞 "required" 淇グ绗︽垨灏嗚 灞炴€?澹版槑涓哄彲涓?null銆?[C:\Users\Humulus.MSI\Documents\Mydata\Programming\MDiceV2\MDiceV2.Core\MDiceV2.Core.csproj]
C:\Users\Humulus.MSI\Documents\Mydata\Programming\MDiceV2\MDiceV2.Core\Infrastructure\ConfigSyncServer.cs(478,41): warning CS8601: 鍙兘鐨?null 寮曠敤璧嬪€笺€?[C:\Users\Humulus.MSI\Documents\Mydata\Programming\MDiceV2\MDiceV2.Core\MDiceV2.Core.csproj]
C:\Users\Humulus.MSI\Documents\Mydata\Programming\MDiceV2\MDiceV2.Core\Infrastructure\ConfigSyncServer.cs(484,45): warning CS8601: 鍙兘鐨?null 寮曠敤璧嬪€笺€?[C:\Users\Humulus.MSI\Documents\Mydata\Programming\MDiceV2\MDiceV2.Core\MDiceV2.Core.csproj]
C:\Users\Humulus.MSI\Documents\Mydata\Programming\MDiceV2\MDiceV2.Core\GameBattle\TurnManager.cs(178,77): warning CS8604: 鈥渟tring TurnManager.FormatCharacterInfo(Character character)鈥濅腑鐨勫舰鍙傗€渃haracter鈥濆彲鑳戒紶鍏?null 寮曠敤瀹炲弬銆?[C:\Users\Humulus.MSI\Documents\Mydata\Programming\MDiceV2\MDiceV2.Core\MDiceV2.Core.csproj]
C:\Users\Humulus.MSI\Documents\Mydata\Programming\MDiceV2\MDiceV2.Core\Infrastructure\ConfigSyncDispatcher.cs(63,41): warning CS8604: 鈥淭ask Func<string, string, Task>.Invoke(string arg1, string arg2)鈥濅腑鐨勫舰鍙傗€渁rg2鈥濆彲鑳戒紶鍏?null 寮曠敤瀹炲弬銆?[C:\Users\Humulus.MSI\Documents\Mydata\Programming\MDiceV2\MDiceV2.Core\MDiceV2.Core.csproj]
C:\Users\Humulus.MSI\Documents\Mydata\Programming\MDiceV2\MDiceV2.Core\Infrastructure\ConfigSyncDispatcher.cs(86,44): warning CS8604: 鈥淭ask Func<string, string, Task>.Invoke(string arg1, string arg2)鈥濅腑鐨勫舰鍙傗€渁rg2鈥濆彲鑳戒紶鍏?null 寮曠敤瀹炲弬銆?[C:\Users\Humulus.MSI\Documents\Mydata\Programming\MDiceV2\MDiceV2.Core\MDiceV2.Core.csproj]
C:\Users\Humulus.MSI\Documents\Mydata\Programming\MDiceV2\MDiceV2.Core\GameBattle\TurnManager.cs(227,44): warning CS8604: 鈥渂ool Player.AddCharacterToField(Character character, FieldType fieldType)鈥濅腑鐨勫舰鍙傗€渃haracter鈥濆彲鑳戒紶鍏?null 寮曠敤瀹炲弬銆?[C:\Users\Humulus.MSI\Documents\Mydata\Programming\MDiceV2\MDiceV2.Core\MDiceV2.Core.csproj]
C:\Users\Humulus.MSI\Documents\Mydata\Programming\MDiceV2\MDiceV2.Core\UI\Views\ConfigContainer.axaml.cs(275,54): warning CS0253: 鍙兘闈炴湁鎰忕殑寮曠敤姣旇緝锛涜嫢瑕佽幏鍙栧€兼瘮杈冿紝璇峰皢鍙宠竟杞崲涓虹被鍨嬧€渟tring鈥?[C:\Users\Humulus.MSI\Documents\Mydata\Programming\MDiceV2\MDiceV2.Core\MDiceV2.Core.csproj]
C:\Users\Humulus.MSI\Documents\Mydata\Programming\MDiceV2\MDiceV2.Core\Infrastructure\LogBufferPool.cs(310,19): warning CS8618: 鍦ㄩ€€鍑烘瀯閫犲嚱鏁版椂锛屼笉鍙负 null 鐨?灞炴€?"ChannelName" 蹇呴』鍖呭惈闈?null 鍊笺€傝鑰冭檻娣诲姞 "required" 淇グ绗︽垨灏嗚 灞炴€?澹版槑涓哄彲涓?null銆?[C:\Users\Humulus.MSI\Documents\Mydata\Programming\MDiceV2\MDiceV2.Core\MDiceV2.Core.csproj]
C:\Users\Humulus.MSI\Documents\Mydata\Programming\MDiceV2\MDiceV2.Core\Infrastructure\LogBufferPool.cs(104,13): warning CS0618: 鈥淟ogBatcher.Enqueue(string)鈥濆凡杩囨椂:鈥滀娇鐢?EnqueueAsync 浠ｆ浛鈥?[C:\Users\Humulus.MSI\Documents\Mydata\Programming\MDiceV2\MDiceV2.Core\MDiceV2.Core.csproj]
C:\Users\Humulus.MSI\Documents\Mydata\Programming\MDiceV2\MDiceV2.Core\Infrastructure\LogBufferPool.cs(277,36): warning CS8618: 鍦ㄩ€€鍑烘瀯閫犲嚱鏁版椂锛屼笉鍙负 null 鐨?灞炴€?"ChannelStatistics" 蹇呴』鍖呭惈闈?null 鍊笺€傝鑰冭檻娣诲姞 "required" 淇グ绗︽垨灏嗚 灞炴€?澹版槑涓哄彲涓?null銆?[C:\Users\Humulus.MSI\Documents\Mydata\Programming\MDiceV2\MDiceV2.Core\MDiceV2.Core.csproj]
C:\Users\Humulus.MSI\Documents\Mydata\Programming\MDiceV2\MDiceV2.Core\GameBattle\GameStateSnapshot.cs(12,23): warning CS8618: 鍦ㄩ€€鍑烘瀯閫犲嚱鏁版椂锛屼笉鍙负 null 鐨?灞炴€?"Player2Id" 蹇呴』鍖呭惈闈?null 鍊笺€傝鑰冭檻娣诲姞 "required" 淇グ绗︽垨灏嗚 灞炴€?澹版槑涓哄彲涓?null銆?[C:\Users\Humulus.MSI\Documents\Mydata\Programming\MDiceV2\MDiceV2.Core\MDiceV2.Core.csproj]
C:\Users\Humulus.MSI\Documents\Mydata\Programming\MDiceV2\MDiceV2.Core\GameBattle\GameStateSnapshot.cs(14,23): warning CS8618: 鍦ㄩ€€鍑烘瀯閫犲嚱鏁版椂锛屼笉鍙负 null 鐨?灞炴€?"CurrentWeather" 蹇呴』鍖呭惈闈?null 鍊笺€傝鑰冭檻娣诲姞 "required" 淇グ绗︽垨灏嗚 灞炴€?澹版槑涓哄彲涓?null銆?[C:\Users\Humulus.MSI\Documents\Mydata\Programming\MDiceV2\MDiceV2.Core\MDiceV2.Core.csproj]
C:\Users\Humulus.MSI\Documents\Mydata\Programming\MDiceV2\MDiceV2.Core\GameBattle\GameStateSnapshot.cs(19,29): warning CS8618: 鍦ㄩ€€鍑烘瀯閫犲嚱鏁版椂锛屼笉鍙负 null 鐨?灞炴€?"PendingCard" 蹇呴』鍖呭惈闈?null 鍊笺€傝鑰冭檻娣诲姞 "required" 淇グ绗︽垨灏嗚 灞炴€?澹版槑涓哄彲涓?null銆?[C:\Users\Humulus.MSI\Documents\Mydata\Programming\MDiceV2\MDiceV2.Core\MDiceV2.Core.csproj]
C:\Users\Humulus.MSI\Documents\Mydata\Programming\MDiceV2\MDiceV2.Core\GameBattle\GameStateSnapshot.cs(20,31): warning CS8618: 鍦ㄩ€€鍑烘瀯閫犲嚱鏁版椂锛屼笉鍙负 null 鐨?灞炴€?"Player1" 蹇呴』鍖呭惈闈?null 鍊笺€傝鑰冭檻娣诲姞 "required" 淇グ绗︽垨灏嗚 灞炴€?澹版槑涓哄彲涓?null銆?[C:\Users\Humulus.MSI\Documents\Mydata\Programming\MDiceV2\MDiceV2.Core\MDiceV2.Core.csproj]
C:\Users\Humulus.MSI\Documents\Mydata\Programming\MDiceV2\MDiceV2.Core\GameBattle\GameStateSnapshot.cs(21,31): warning CS8618: 鍦ㄩ€€鍑烘瀯閫犲嚱鏁版椂锛屼笉鍙负 null 鐨?灞炴€?"Player2" 蹇呴』鍖呭惈闈?null 鍊笺€傝鑰冭檻娣诲姞 "required" 淇グ绗︽垨灏嗚 灞炴€?澹版槑涓哄彲涓?null銆?[C:\Users\Humulus.MSI\Documents\Mydata\Programming\MDiceV2\MDiceV2.Core\MDiceV2.Core.csproj]
C:\Users\Humulus.MSI\Documents\Mydata\Programming\MDiceV2\MDiceV2.Core\GameBattle\GameStateSnapshot.cs(29,23): warning CS8618: 鍦ㄩ€€鍑烘瀯閫犲嚱鏁版椂锛屼笉鍙负 null 鐨?灞炴€?"Name" 蹇呴』鍖呭惈闈?null 鍊笺€傝鑰冭檻娣诲姞 "required" 淇グ绗︽垨灏嗚 灞炴€?澹版槑涓哄彲涓?null銆?[C:\Users\Humulus.MSI\Documents\Mydata\Programming\MDiceV2\MDiceV2.Core\MDiceV2.Core.csproj]
C:\Users\Humulus.MSI\Documents\Mydata\Programming\MDiceV2\MDiceV2.Core\GameBattle\GameStateSnapshot.cs(55,23): warning CS8618: 鍦ㄩ€€鍑烘瀯閫犲嚱鏁版椂锛屼笉鍙负 null 鐨?灞炴€?"Name" 蹇呴』鍖呭惈闈?null 鍊笺€傝鑰冭檻娣诲姞 "required" 淇グ绗︽垨灏嗚 灞炴€?澹版槑涓哄彲涓?null銆?[C:\Users\Humulus.MSI\Documents\Mydata\Programming\MDiceV2\MDiceV2.Core\MDiceV2.Core.csproj]
C:\Users\Humulus.MSI\Documents\Mydata\Programming\MDiceV2\MDiceV2.Core\GameBattle\GameLoader.cs(55,28): warning CS8603: 鍙兘杩斿洖 null 寮曠敤銆?[C:\Users\Humulus.MSI\Documents\Mydata\Programming\MDiceV2\MDiceV2.Core\MDiceV2.Core.csproj]
C:\Users\Humulus.MSI\Documents\Mydata\Programming\MDiceV2\MDiceV2.Core\GameBattle\GameLoader.cs(67,32): warning CS8603: 鍙兘杩斿洖 null 寮曠敤銆?[C:\Users\Humulus.MSI\Documents\Mydata\Programming\MDiceV2\MDiceV2.Core\MDiceV2.Core.csproj]
C:\Users\Humulus.MSI\Documents\Mydata\Programming\MDiceV2\MDiceV2.Core\GameBattle\GameLoader.cs(72,32): warning CS8603: 鍙兘杩斿洖 null 寮曠敤銆?[C:\Users\Humulus.MSI\Documents\Mydata\Programming\MDiceV2\MDiceV2.Core\MDiceV2.Core.csproj]
C:\Users\Humulus.MSI\Documents\Mydata\Programming\MDiceV2\MDiceV2.Core\GameBattle\GameStateSnapshot.cs(67,39): warning CS8603: 鍙兘杩斿洖 null 寮曠敤銆?[C:\Users\Humulus.MSI\Documents\Mydata\Programming\MDiceV2\MDiceV2.Core\MDiceV2.Core.csproj]
C:\Users\Humulus.MSI\Documents\Mydata\Programming\MDiceV2\MDiceV2.Core\GameBattle\GameStateSnapshot.cs(78,46): warning CS8604: 鈥淐ardSnapshot GameStateSnapshotMapper.ToCardSnapshot(Card card)鈥濅腑鐨勫舰鍙傗€渃ard鈥濆彲鑳戒紶鍏?null 寮曠敤瀹炲弬銆?[C:\Users\Humulus.MSI\Documents\Mydata\Programming\MDiceV2\MDiceV2.Core\MDiceV2.Core.csproj]
C:\Users\Humulus.MSI\Documents\Mydata\Programming\MDiceV2\MDiceV2.Core\GameBattle\GameStateSnapshot.cs(86,42): warning CS8603: 鍙兘杩斿洖 null 寮曠敤銆?[C:\Users\Humulus.MSI\Documents\Mydata\Programming\MDiceV2\MDiceV2.Core\MDiceV2.Core.csproj]
C:\Users\Humulus.MSI\Documents\Mydata\Programming\MDiceV2\MDiceV2.Core\GameBattle\GameStorage.cs(48,24): warning CS8603: 鍙兘杩斿洖 null 寮曠敤銆?[C:\Users\Humulus.MSI\Documents\Mydata\Programming\MDiceV2\MDiceV2.Core\MDiceV2.Core.csproj]
C:\Users\Humulus.MSI\Documents\Mydata\Programming\MDiceV2\MDiceV2.Core\GameBattle\GameStorage.cs(52,20): warning CS8603: 鍙兘杩斿洖 null 寮曠敤銆?[C:\Users\Humulus.MSI\Documents\Mydata\Programming\MDiceV2\MDiceV2.Core\MDiceV2.Core.csproj]
C:\Users\Humulus.MSI\Documents\Mydata\Programming\MDiceV2\MDiceV2.Core\GameBattle\GameStateSnapshot.cs(108,40): warning CS8603: 鍙兘杩斿洖 null 寮曠敤銆?[C:\Users\Humulus.MSI\Documents\Mydata\Programming\MDiceV2\MDiceV2.Core\MDiceV2.Core.csproj]
C:\Users\Humulus.MSI\Documents\Mydata\Programming\MDiceV2\MDiceV2.Core\GameBattle\GameStateSnapshot.cs(120,46): warning CS8604: 鈥淔ieldSnapshot GameStateSnapshotMapper.ToFieldSnapshot(Field field)鈥濅腑鐨勫舰鍙傗€渇ield鈥濆彲鑳戒紶鍏?null 寮曠敤瀹炲弬銆?[C:\Users\Humulus.MSI\Documents\Mydata\Programming\MDiceV2\MDiceV2.Core\MDiceV2.Core.csproj]
C:\Users\Humulus.MSI\Documents\Mydata\Programming\MDiceV2\MDiceV2.Core\GameBattle\GameStateSnapshot.cs(121,47): warning CS8604: 鈥淔ieldSnapshot GameStateSnapshotMapper.ToFieldSnapshot(Field field)鈥濅腑鐨勫舰鍙傗€渇ield鈥濆彲鑳戒紶鍏?null 寮曠敤瀹炲弬銆?[C:\Users\Humulus.MSI\Documents\Mydata\Programming\MDiceV2\MDiceV2.Core\MDiceV2.Core.csproj]
C:\Users\Humulus.MSI\Documents\Mydata\Programming\MDiceV2\MDiceV2.Core\GameBattle\GameStateSnapshot.cs(122,45): warning CS8604: 鈥淔ieldSnapshot GameStateSnapshotMapper.ToFieldSnapshot(Field field)鈥濅腑鐨勫舰鍙傗€渇ield鈥濆彲鑳戒紶鍏?null 寮曠敤瀹炲弬銆?[C:\Users\Humulus.MSI\Documents\Mydata\Programming\MDiceV2\MDiceV2.Core\MDiceV2.Core.csproj]
C:\Users\Humulus.MSI\Documents\Mydata\Programming\MDiceV2\MDiceV2.Core\GameBattle\SkillTrigger.cs(52,23): warning CS8618: 鍦ㄩ€€鍑烘瀯閫犲嚱鏁版椂锛屼笉鍙负 null 鐨?灞炴€?"SkillId" 蹇呴』鍖呭惈闈?null 鍊笺€傝鑰冭檻娣诲姞 "required" 淇グ绗︽垨灏嗚 灞炴€?澹版槑涓哄彲涓?null銆?[C:\Users\Humulus.MSI\Documents\Mydata\Programming\MDiceV2\MDiceV2.Core\MDiceV2.Core.csproj]
C:\Users\Humulus.MSI\Documents\Mydata\Programming\MDiceV2\MDiceV2.Core\GameBattle\SkillTrigger.cs(57,23): warning CS8618: 鍦ㄩ€€鍑烘瀯閫犲嚱鏁版椂锛屼笉鍙负 null 鐨?灞炴€?"Name" 蹇呴』鍖呭惈闈?null 鍊笺€傝鑰冭檻娣诲姞 "required" 淇グ绗︽垨灏嗚 灞炴€?澹版槑涓哄彲涓?null銆?[C:\Users\Humulus.MSI\Documents\Mydata\Programming\MDiceV2\MDiceV2.Core\MDiceV2.Core.csproj]
C:\Users\Humulus.MSI\Documents\Mydata\Programming\MDiceV2\MDiceV2.Core\GameBattle\SkillTrigger.cs(62,23): warning CS8618: 鍦ㄩ€€鍑烘瀯閫犲嚱鏁版椂锛屼笉鍙负 null 鐨?灞炴€?"Description" 蹇呴』鍖呭惈闈?null 鍊笺€傝鑰冭檻娣诲姞 "required" 淇グ绗︽垨灏嗚 灞炴€?澹版槑涓哄彲涓?null銆?[C:\Users\Humulus.MSI\Documents\Mydata\Programming\MDiceV2\MDiceV2.Core\MDiceV2.Core.csproj]
C:\Users\Humulus.MSI\Documents\Mydata\Programming\MDiceV2\MDiceV2.Core\GameBattle\SkillTrigger.cs(72,23): warning CS8618: 鍦ㄩ€€鍑烘瀯閫犲嚱鏁版椂锛屼笉鍙负 null 鐨?灞炴€?"LuaFunctionName" 蹇呴』鍖呭惈闈?null 鍊笺€傝鑰冭檻娣诲姞 "required" 淇グ绗︽垨灏嗚 灞炴€?澹版槑涓哄彲涓?null銆?[C:\Users\Humulus.MSI\Documents\Mydata\Programming\MDiceV2\MDiceV2.Core\MDiceV2.Core.csproj]
C:\Users\Humulus.MSI\Documents\Mydata\Programming\MDiceV2\MDiceV2.Core\GameBattle\SkillTrigger.cs(82,23): warning CS8618: 鍦ㄩ€€鍑烘瀯閫犲嚱鏁版椂锛屼笉鍙负 null 鐨?灞炴€?"LuaScript" 蹇呴』鍖呭惈闈?null 鍊笺€傝鑰冭檻娣诲姞 "required" 淇グ绗︽垨灏嗚 灞炴€?澹版槑涓哄彲涓?null銆?[C:\Users\Humulus.MSI\Documents\Mydata\Programming\MDiceV2\MDiceV2.Core\MDiceV2.Core.csproj]
C:\Users\Humulus.MSI\Documents\Mydata\Programming\MDiceV2\MDiceV2.Core\GameBattle\GameStorage.cs(63,20): warning CS8619: 绫诲瀷鈥淟ist<string?>鈥濈殑鍊间腑寮曠敤绫诲瀷鐨勪负 Null 鎬т笌鐩爣绫诲瀷鈥淟ist<string>鈥濅笉鍖归厤銆?[C:\Users\Humulus.MSI\Documents\Mydata\Programming\MDiceV2\MDiceV2.Core\MDiceV2.Core.csproj]
C:\Users\Humulus.MSI\Documents\Mydata\Programming\MDiceV2\MDiceV2.Core\GameBattle\GameStateSnapshot.cs(128,42): warning CS8603: 鍙兘杩斿洖 null 寮曠敤銆?[C:\Users\Humulus.MSI\Documents\Mydata\Programming\MDiceV2\MDiceV2.Core\MDiceV2.Core.csproj]
C:\Users\Humulus.MSI\Documents\Mydata\Programming\MDiceV2\MDiceV2.Core\GameBattle\GameStateSnapshot.cs(142,34): warning CS8604: 鈥渧oid GameStateSnapshotMapper.RestoreField(Player player, Field field, FieldSnapshot snapshot)鈥濅腑鐨勫舰鍙傗€渇ield鈥濆彲鑳戒紶鍏?null 寮曠敤瀹炲弬銆?[C:\Users\Humulus.MSI\Documents\Mydata\Programming\MDiceV2\MDiceV2.Core\MDiceV2.Core.csproj]
C:\Users\Humulus.MSI\Documents\Mydata\Programming\MDiceV2\MDiceV2.Core\GameBattle\GameStateSnapshot.cs(143,34): warning CS8604: 鈥渧oid GameStateSnapshotMapper.RestoreField(Player player, Field field, FieldSnapshot snapshot)鈥濅腑鐨勫舰鍙傗€渇ield鈥濆彲鑳戒紶鍏?null 寮曠敤瀹炲弬銆?[C:\Users\Humulus.MSI\Documents\Mydata\Programming\MDiceV2\MDiceV2.Core\MDiceV2.Core.csproj]
C:\Users\Humulus.MSI\Documents\Mydata\Programming\MDiceV2\MDiceV2.Core\GameBattle\GameStateSnapshot.cs(144,34): warning CS8604: 鈥渧oid GameStateSnapshotMapper.RestoreField(Player player, Field field, FieldSnapshot snapshot)鈥濅腑鐨勫舰鍙傗€渇ield鈥濆彲鑳戒紶鍏?null 寮曠敤瀹炲弬銆?[C:\Users\Humulus.MSI\Documents\Mydata\Programming\MDiceV2\MDiceV2.Core\MDiceV2.Core.csproj]
C:\Users\Humulus.MSI\Documents\Mydata\Programming\MDiceV2\MDiceV2.Core\GameBattle\GameLoader.cs(148,30): warning CS8714: 绫诲瀷鈥渟tring?鈥濅笉鑳界敤浣滄硾鍨嬬被鍨嬫垨鏂规硶鈥淓numerable.ToDictionary<TSource, TKey, TElement>(IEnumerable<TSource>, Func<TSource, TKey>, Func<TSource, TElement>)鈥濅腑鐨勭被鍨嬪弬鏁扳€淭Key鈥濄€傜被鍨嬪弬鏁扳€渟tring?鈥濈殑涓?Null 鎬т笌 "notnull" 绾︽潫涓嶅尮閰嶃€?[C:\Users\Humulus.MSI\Documents\Mydata\Programming\MDiceV2\MDiceV2.Core\MDiceV2.Core.csproj]
C:\Users\Humulus.MSI\Documents\Mydata\Programming\MDiceV2\MDiceV2.Core\GameBattle\GameLoader.cs(148,69): warning CS8621: 鈥渓ambda 琛ㄨ揪寮忊€濈殑杩斿洖绫诲瀷涓紩鐢ㄧ被鍨嬬殑涓?Null 鎬т笌鐩爣濮旀墭鈥淔unc<IGrouping<string?, Character>, string?>鈥濅笉鍖归厤(鍙兘鏄敱浜庝负 Null 鎬х壒鎬?銆?[C:\Users\Humulus.MSI\Documents\Mydata\Programming\MDiceV2\MDiceV2.Core\MDiceV2.Core.csproj]
C:\Users\Humulus.MSI\Documents\Mydata\Programming\MDiceV2\MDiceV2.Core\GameBattle\GameStateSnapshot.cs(218,38): warning CS8603: 鍙兘杩斿洖 null 寮曠敤銆?[C:\Users\Humulus.MSI\Documents\Mydata\Programming\MDiceV2\MDiceV2.Core\MDiceV2.Core.csproj]
C:\Users\Humulus.MSI\Documents\Mydata\Programming\MDiceV2\MDiceV2.Core\GameBattle\GameStateSnapshot.cs(224,28): warning CS8601: 鍙兘鐨?null 寮曠敤璧嬪€笺€?[C:\Users\Humulus.MSI\Documents\Mydata\Programming\MDiceV2\MDiceV2.Core\MDiceV2.Core.csproj]
C:\Users\Humulus.MSI\Documents\Mydata\Programming\MDiceV2\MDiceV2.Core\GameBattle\GameStateSnapshot.cs(232,24): warning CS8601: 鍙兘鐨?null 寮曠敤璧嬪€笺€?[C:\Users\Humulus.MSI\Documents\Mydata\Programming\MDiceV2\MDiceV2.Core\MDiceV2.Core.csproj]
C:\Users\Humulus.MSI\Documents\Mydata\Programming\MDiceV2\MDiceV2.Core\GameBattle\GameStateSnapshot.cs(239,42): warning CS8603: 鍙兘杩斿洖 null 寮曠敤銆?[C:\Users\Humulus.MSI\Documents\Mydata\Programming\MDiceV2\MDiceV2.Core\MDiceV2.Core.csproj]
C:\Users\Humulus.MSI\Documents\Mydata\Programming\MDiceV2\MDiceV2.Core\GameBattle\GameStateSnapshot.cs(247,28): warning CS8603: 鍙兘杩斿洖 null 寮曠敤銆?[C:\Users\Humulus.MSI\Documents\Mydata\Programming\MDiceV2\MDiceV2.Core\MDiceV2.Core.csproj]
C:\Users\Humulus.MSI\Documents\Mydata\Programming\MDiceV2\MDiceV2.Core\GameBattle\GameStateSnapshot.cs(263,28): warning CS8603: 鍙兘杩斿洖 null 寮曠敤銆?[C:\Users\Humulus.MSI\Documents\Mydata\Programming\MDiceV2\MDiceV2.Core\MDiceV2.Core.csproj]
C:\Users\Humulus.MSI\Documents\Mydata\Programming\MDiceV2\MDiceV2.Core\Infrastructure\GrpcConfigSyncClient.cs(307,26): warning CS0168: 澹版槑浜嗗彉閲忊€渆x鈥濓紝浣嗕粠鏈娇鐢ㄨ繃 [C:\Users\Humulus.MSI\Documents\Mydata\Programming\MDiceV2\MDiceV2.Core\MDiceV2.Core.csproj]
C:\Users\Humulus.MSI\Documents\Mydata\Programming\MDiceV2\MDiceV2.Core\GameBattle\GameLoader.cs(371,53): warning CS8604: 鈥渂ool Dictionary<string, Character>.ContainsKey(string key)鈥濅腑鐨勫舰鍙傗€渒ey鈥濆彲鑳戒紶鍏?null 寮曠敤瀹炲弬銆?[C:\Users\Humulus.MSI\Documents\Mydata\Programming\MDiceV2\MDiceV2.Core\MDiceV2.Core.csproj]
C:\Users\Humulus.MSI\Documents\Mydata\Programming\MDiceV2\MDiceV2.Core\GameBattle\TurnManager.cs(771,24): warning CS8603: 鍙兘杩斿洖 null 寮曠敤銆?[C:\Users\Humulus.MSI\Documents\Mydata\Programming\MDiceV2\MDiceV2.Core\MDiceV2.Core.csproj]
C:\Users\Humulus.MSI\Documents\Mydata\Programming\MDiceV2\MDiceV2.Core\GameBattle\GameLoader.cs(505,52): warning CS8604: 鈥渂ool Dictionary<string, LuaSkill>.TryGetValue(string key, out LuaSkill value)鈥濅腑鐨勫舰鍙傗€渒ey鈥濆彲鑳戒紶鍏?null 寮曠敤瀹炲弬銆?[C:\Users\Humulus.MSI\Documents\Mydata\Programming\MDiceV2\MDiceV2.Core\MDiceV2.Core.csproj]
C:\Users\Humulus.MSI\Documents\Mydata\Programming\MDiceV2\MDiceV2.Core\GameBattle\GameLoader.cs(516,39): warning CS8604: 鈥淪pecialCard Dictionary<string, SpecialCard>.this[string key]鈥濅腑鐨勫舰鍙傗€渒ey鈥濆彲鑳戒紶鍏?null 寮曠敤瀹炲弬銆?[C:\Users\Humulus.MSI\Documents\Mydata\Programming\MDiceV2\MDiceV2.Core\MDiceV2.Core.csproj]
C:\Users\Humulus.MSI\Documents\Mydata\Programming\MDiceV2\MDiceV2.Core\GameBattle\GameLoader.cs(664,42): warning CS8601: 鍙兘鐨?null 寮曠敤璧嬪€笺€?[C:\Users\Humulus.MSI\Documents\Mydata\Programming\MDiceV2\MDiceV2.Core\MDiceV2.Core.csproj]
C:\Users\Humulus.MSI\Documents\Mydata\Programming\MDiceV2\MDiceV2.Core\GameBattle\GameLoader.cs(823,48): warning CS8604: 鈥渂ool Dictionary<string, LuaSkill>.TryGetValue(string key, out LuaSkill value)鈥濅腑鐨勫舰鍙傗€渒ey鈥濆彲鑳戒紶鍏?null 寮曠敤瀹炲弬銆?[C:\Users\Humulus.MSI\Documents\Mydata\Programming\MDiceV2\MDiceV2.Core\MDiceV2.Core.csproj]
C:\Users\Humulus.MSI\Documents\Mydata\Programming\MDiceV2\MDiceV2.Core\GameBattle\GameLoader.cs(843,48): warning CS8604: 鈥渂ool Dictionary<string, LuaSkill>.TryGetValue(string key, out LuaSkill value)鈥濅腑鐨勫舰鍙傗€渒ey鈥濆彲鑳戒紶鍏?null 寮曠敤瀹炲弬銆?[C:\Users\Humulus.MSI\Documents\Mydata\Programming\MDiceV2\MDiceV2.Core\MDiceV2.Core.csproj]
C:\Users\Humulus.MSI\Documents\Mydata\Programming\MDiceV2\MDiceV2.Core\Models\MessageDistribution.cs(1287,58): warning CS8601: 鍙兘鐨?null 寮曠敤璧嬪€笺€?[C:\Users\Humulus.MSI\Documents\Mydata\Programming\MDiceV2\MDiceV2.Core\MDiceV2.Core.csproj]
C:\Users\Humulus.MSI\Documents\Mydata\Programming\MDiceV2\MDiceV2.Core\Models\MessageDistribution.cs(1328,16): warning CS8603: 鍙兘杩斿洖 null 寮曠敤銆?[C:\Users\Humulus.MSI\Documents\Mydata\Programming\MDiceV2\MDiceV2.Core\MDiceV2.Core.csproj]
C:\Users\Humulus.MSI\Documents\Mydata\Programming\MDiceV2\MDiceV2.Core\GameBattle\GameLoader.cs(978,29): warning CS8600: 灏?null 鏂囨湰鎴栧彲鑳界殑 null 鍊艰浆鎹负涓嶅彲涓?null 绫诲瀷銆?[C:\Users\Humulus.MSI\Documents\Mydata\Programming\MDiceV2\MDiceV2.Core\MDiceV2.Core.csproj]
C:\Users\Humulus.MSI\Documents\Mydata\Programming\MDiceV2\MDiceV2.Core\GameBattle\GameLoader.cs(981,38): warning CS8601: 鍙兘鐨?null 寮曠敤璧嬪€笺€?[C:\Users\Humulus.MSI\Documents\Mydata\Programming\MDiceV2\MDiceV2.Core\MDiceV2.Core.csproj]
C:\Users\Humulus.MSI\Documents\Mydata\Programming\MDiceV2\MDiceV2.Core\UI\ViewModels\MainViewModel.cs(2759,48): warning CS0618: 鈥淢essageProcessor.GetInstance()鈥濆凡杩囨椂:鈥滃簲浣跨敤渚濊禆娉ㄥ叆鑰岄潪GetInstance()鈥?[C:\Users\Humulus.MSI\Documents\Mydata\Programming\MDiceV2\MDiceV2.Core\MDiceV2.Core.csproj]
C:\Users\Humulus.MSI\Documents\Mydata\Programming\MDiceV2\MDiceV2.Core\UI\ViewModels\MainViewModel.cs(2912,36): warning CS0618: 鈥淢essageProcessor.GetInstance()鈥濆凡杩囨椂:鈥滃簲浣跨敤渚濊禆娉ㄥ叆鑰岄潪GetInstance()鈥?[C:\Users\Humulus.MSI\Documents\Mydata\Programming\MDiceV2\MDiceV2.Core\MDiceV2.Core.csproj]
C:\Users\Humulus.MSI\Documents\Mydata\Programming\MDiceV2\MDiceV2.Core\UI\ViewModels\MainViewModel.cs(3168,36): warning CS0618: 鈥淢essageProcessor.GetInstance()鈥濆凡杩囨椂:鈥滃簲浣跨敤渚濊禆娉ㄥ叆鑰岄潪GetInstance()鈥?[C:\Users\Humulus.MSI\Documents\Mydata\Programming\MDiceV2\MDiceV2.Core\MDiceV2.Core.csproj]
C:\Users\Humulus.MSI\Documents\Mydata\Programming\MDiceV2\MDiceV2.Core\Infrastructure\ServiceBootstrapper.cs(494,58): warning CS0067: 浠庝笉浣跨敤浜嬩欢鈥淕rpcProxyChannel.OnMessageReceived鈥?[C:\Users\Humulus.MSI\Documents\Mydata\Programming\MDiceV2\MDiceV2.Core\MDiceV2.Core.csproj]
C:\Users\Humulus.MSI\Documents\Mydata\Programming\MDiceV2\MDiceV2.Core\UI\App.cs(146,36): warning IL3000: 'System.Reflection.Assembly.Location.get' always returns an empty string for assemblies embedded in a single-file app. If the path to the app directory is needed, consider calling 'System.AppContext.BaseDirectory'. [C:\Users\Humulus.MSI\Documents\Mydata\Programming\MDiceV2\MDiceV2.Core\MDiceV2.Core.csproj]
C:\Users\Humulus.MSI\Documents\Mydata\Programming\MDiceV2\MDiceV2.Core\UI\ViewModels\MainViewModel.cs(897,21): warning IL3000: 'System.Reflection.Assembly.Location.get' always returns an empty string for assemblies embedded in a single-file app. If the path to the app directory is needed, consider calling 'System.AppContext.BaseDirectory'. [C:\Users\Humulus.MSI\Documents\Mydata\Programming\MDiceV2\MDiceV2.Core\MDiceV2.Core.csproj]
  MDiceV2.Core -> C:\Users\Humulus.MSI\Documents\Mydata\Programming\MDiceV2\MDiceV2.Core\bin\Release\net10.0-windows\win-x64\MDiceV2.Core.dll
  Generated version 0.2.5.4117 (info: 0.2.5.4117-beta) -> obj\Release\net10.0-windows\GeneratedVersion.g.cs
C:\Users\Humulus.MSI\Documents\Mydata\Programming\MDiceV2\Mods\CustomizedReply\CustomizedReplyMod.cs(230,36): warning CS0618: 鈥淢essageProcessor.GetInstance()鈥濆凡杩囨椂:鈥滃簲浣跨敤渚濊禆娉ㄥ叆鑰岄潪GetInstance()鈥?[C:\Users\Humulus.MSI\Documents\Mydata\Programming\MDiceV2\Mods\CustomizedReply\CustomizedReply.csproj]
C:\Users\Humulus.MSI\Documents\Mydata\Programming\MDiceV2\Mods\CustomizedReply\ScriptExecutor.cs(463,36): warning CS8600: 灏?null 鏂囨湰鎴栧彲鑳界殑 null 鍊艰浆鎹负涓嶅彲涓?null 绫诲瀷銆?[C:\Users\Humulus.MSI\Documents\Mydata\Programming\MDiceV2\Mods\CustomizedReply\CustomizedReply.csproj]
C:\Users\Humulus.MSI\Documents\Mydata\Programming\MDiceV2\Mods\CustomizedReply\UI\CustomizedReplyPanel.axaml.cs(974,48): warning CS8604: 鈥淟ist<string>.List(IEnumerable<string> collection)鈥濅腑鐨勫舰鍙傗€渃ollection鈥濆彲鑳戒紶鍏?null 寮曠敤瀹炲弬銆?[C:\Users\Humulus.MSI\Documents\Mydata\Programming\MDiceV2\Mods\CustomizedReply\CustomizedReply.csproj]
C:\Users\Humulus.MSI\Documents\Mydata\Programming\MDiceV2\Mods\CustomizedReply\UI\CustomizedReplyPanel.axaml.cs(976,38): warning CS8601: 鍙兘鐨?null 寮曠敤璧嬪€笺€?[C:\Users\Humulus.MSI\Documents\Mydata\Programming\MDiceV2\Mods\CustomizedReply\CustomizedReply.csproj]
C:\Users\Humulus.MSI\Documents\Mydata\Programming\MDiceV2\Mods\CustomizedReply\UI\CustomizedReplyPanel.axaml.cs(1807,50): warning CS8604: 鈥淟ist<string>.List(IEnumerable<string> collection)鈥濅腑鐨勫舰鍙傗€渃ollection鈥濆彲鑳戒紶鍏?null 寮曠敤瀹炲弬銆?[C:\Users\Humulus.MSI\Documents\Mydata\Programming\MDiceV2\Mods\CustomizedReply\CustomizedReply.csproj]
C:\Users\Humulus.MSI\Documents\Mydata\Programming\MDiceV2\Mods\CustomizedReply\CustomizedReplyMod.cs(1330,30): warning CS0219: 鍙橀噺鈥渉asScript鈥濆凡琚祴鍊硷紝浣嗕粠鏈娇鐢ㄨ繃瀹冪殑鍊?[C:\Users\Humulus.MSI\Documents\Mydata\Programming\MDiceV2\Mods\CustomizedReply\CustomizedReply.csproj]
C:\Users\Humulus.MSI\Documents\Mydata\Programming\MDiceV2\Mods\CustomizedReply\CustomizedReplyMod.cs(1331,33): warning CS0219: 鍙橀噺鈥渟criptContent鈥濆凡琚祴鍊硷紝浣嗕粠鏈娇鐢ㄨ繃瀹冪殑鍊?[C:\Users\Humulus.MSI\Documents\Mydata\Programming\MDiceV2\Mods\CustomizedReply\CustomizedReply.csproj]
C:\Users\Humulus.MSI\Documents\Mydata\Programming\MDiceV2\Mods\CustomizedReply\CustomizedReplyMod.cs(1332,41): warning CS0219: 鍙橀噺鈥渟criptMetadata鈥濆凡琚祴鍊硷紝浣嗕粠鏈娇鐢ㄨ繃瀹冪殑鍊?[C:\Users\Humulus.MSI\Documents\Mydata\Programming\MDiceV2\Mods\CustomizedReply\CustomizedReply.csproj]
C:\Users\Humulus.MSI\Documents\Mydata\Programming\MDiceV2\Mods\CustomizedReply\UI\CustomizedReplyPanel.axaml.cs(1954,34): warning CS0168: 澹版槑浜嗗彉閲忊€渆x鈥濓紝浣嗕粠鏈娇鐢ㄨ繃 [C:\Users\Humulus.MSI\Documents\Mydata\Programming\MDiceV2\Mods\CustomizedReply\CustomizedReply.csproj]
C:\Users\Humulus.MSI\Documents\Mydata\Programming\MDiceV2\Mods\CustomizedReply\UI\CustomizedReplyPanel.axaml.cs(1985,38): warning CS0618: 鈥淥penFileDialog鈥濆凡杩囨椂:鈥淯se Window.StorageProvider API or TopLevel.StorageProvider API鈥?[C:\Users\Humulus.MSI\Documents\Mydata\Programming\MDiceV2\Mods\CustomizedReply\CustomizedReply.csproj]
C:\Users\Humulus.MSI\Documents\Mydata\Programming\MDiceV2\Mods\CustomizedReply\UI\CustomizedReplyPanel.axaml.cs(1988,36): warning CS0618: 鈥淔ileDialogFilter鈥濆凡杩囨椂:鈥淯se Window.StorageProvider API or TopLevel.StorageProvider API鈥?[C:\Users\Humulus.MSI\Documents\Mydata\Programming\MDiceV2\Mods\CustomizedReply\CustomizedReply.csproj]
C:\Users\Humulus.MSI\Documents\Mydata\Programming\MDiceV2\Mods\CustomizedReply\UI\CustomizedReplyPanel.axaml.cs(1990,25): warning CS0618: 鈥淔ileDialogFilter鈥濆凡杩囨椂:鈥淯se Window.StorageProvider API or TopLevel.StorageProvider API鈥?[C:\Users\Humulus.MSI\Documents\Mydata\Programming\MDiceV2\Mods\CustomizedReply\CustomizedReply.csproj]
C:\Users\Humulus.MSI\Documents\Mydata\Programming\MDiceV2\Mods\CustomizedReply\UI\CustomizedReplyPanel.axaml.cs(1995,25): warning CS0618: 鈥淔ileDialogFilter鈥濆凡杩囨椂:鈥淯se Window.StorageProvider API or TopLevel.StorageProvider API鈥?[C:\Users\Humulus.MSI\Documents\Mydata\Programming\MDiceV2\Mods\CustomizedReply\CustomizedReply.csproj]
C:\Users\Humulus.MSI\Documents\Mydata\Programming\MDiceV2\Mods\CustomizedReply\CustomizedReplyMod.cs(1756,51): warning CS8604: 鈥淛sonDocument JsonDocument.Parse(string json, JsonDocumentOptions options = default(JsonDocumentOptions))鈥濅腑鐨勫舰鍙傗€渏son鈥濆彲鑳戒紶鍏?null 寮曠敤瀹炲弬銆?[C:\Users\Humulus.MSI\Documents\Mydata\Programming\MDiceV2\Mods\CustomizedReply\CustomizedReply.csproj]
C:\Users\Humulus.MSI\Documents\Mydata\Programming\MDiceV2\Mods\CustomizedReply\CustomizedReplyMod.cs(1838,51): warning CS8604: 鈥淛sonDocument JsonDocument.Parse(string json, JsonDocumentOptions options = default(JsonDocumentOptions))鈥濅腑鐨勫舰鍙傗€渏son鈥濆彲鑳戒紶鍏?null 寮曠敤瀹炲弬銆?[C:\Users\Humulus.MSI\Documents\Mydata\Programming\MDiceV2\Mods\CustomizedReply\CustomizedReply.csproj]
C:\Users\Humulus.MSI\Documents\Mydata\Programming\MDiceV2\Mods\CustomizedReply\UI\CustomizedReplyPanel.axaml.cs(793,24): warning AVA2002: Cannot initialize Bitmap from "avares" scheme directly [C:\Users\Humulus.MSI\Documents\Mydata\Programming\MDiceV2\Mods\CustomizedReply\CustomizedReply.csproj]
  CustomizedReply -> C:\Users\Humulus.MSI\Documents\Mydata\Programming\MDiceV2\Mods\CustomizedReply\bin\Release\net10.0-windows\CustomizedReply.dll

宸叉垚鍔熺敓鎴愩€?

C:\Users\Humulus.MSI\Documents\Mydata\Programming\MDiceV2\MDiceV2.Core\obj\Release\net10.0-windows\win-x64\Avalonia.Generators\Avalonia.Generators.NameGenerator.AvaloniaNameSourceGenerator\MDiceV2.Core.UI.Views.AdjustableConfigContainer.g.cs(12,51): warning CS0108: 鈥淎djustableConfigContainer.Title鈥濋殣钘忕户鎵跨殑鎴愬憳鈥淐onfigContainer.Title鈥濄€傚鏋滄槸鏈夋剰闅愯棌锛岃浣跨敤鍏抽敭瀛?new銆?[C:\Users\Humulus.MSI\Documents\Mydata\Programming\MDiceV2\MDiceV2.Core\MDiceV2.Core.csproj]
C:\Users\Humulus.MSI\Documents\Mydata\Programming\MDiceV2\MDiceV2.Core\obj\Release\net10.0-windows\win-x64\Avalonia.Generators\Avalonia.Generators.NameGenerator.AvaloniaNameSourceGenerator\MDiceV2.Core.UI.Views.AdjustableConfigContainer.g.cs(14,51): warning CS0108: 鈥淎djustableConfigContainer.SearchButton鈥濋殣钘忕户鎵跨殑鎴愬憳鈥淐onfigContainer.SearchButton鈥濄€傚鏋滄槸鏈夋剰闅愯棌锛岃浣跨敤鍏抽敭瀛?new銆?[C:\Users\Humulus.MSI\Documents\Mydata\Programming\MDiceV2\MDiceV2.Core\MDiceV2.Core.csproj]
C:\Users\Humulus.MSI\Documents\Mydata\Programming\MDiceV2\MDiceV2.Core\obj\Release\net10.0-windows\win-x64\Avalonia.Generators\Avalonia.Generators.NameGenerator.AvaloniaNameSourceGenerator\MDiceV2.Core.UI.Views.AdjustableConfigContainer.g.cs(18,51): warning CS0108: 鈥淎djustableConfigContainer.HelpButton鈥濋殣钘忕户鎵跨殑鎴愬憳鈥淐onfigContainer.HelpButton鈥濄€傚鏋滄槸鏈夋剰闅愯棌锛岃浣跨敤鍏抽敭瀛?new銆?[C:\Users\Humulus.MSI\Documents\Mydata\Programming\MDiceV2\MDiceV2.Core\MDiceV2.Core.csproj]
C:\Users\Humulus.MSI\Documents\Mydata\Programming\MDiceV2\MDiceV2.Core\obj\Release\net10.0-windows\win-x64\Avalonia.Generators\Avalonia.Generators.NameGenerator.AvaloniaNameSourceGenerator\MDiceV2.Core.UI.Views.AdjustableConfigContainer.g.cs(20,51): warning CS0108: 鈥淎djustableConfigContainer.SearchPanel鈥濋殣钘忕户鎵跨殑鎴愬憳鈥淐onfigContainer.SearchPanel鈥濄€傚鏋滄槸鏈夋剰闅愯棌锛岃浣跨敤鍏抽敭瀛?new銆?[C:\Users\Humulus.MSI\Documents\Mydata\Programming\MDiceV2\MDiceV2.Core\MDiceV2.Core.csproj]
C:\Users\Humulus.MSI\Documents\Mydata\Programming\MDiceV2\MDiceV2.Core\obj\Release\net10.0-windows\win-x64\Avalonia.Generators\Avalonia.Generators.NameGenerator.AvaloniaNameSourceGenerator\MDiceV2.Core.UI.Views.AdjustableConfigContainer.g.cs(22,51): warning CS0108: 鈥淎djustableConfigContainer.FillArea鈥濋殣钘忕户鎵跨殑鎴愬憳鈥淐onfigContainer.FillArea鈥濄€傚鏋滄槸鏈夋剰闅愯棌锛岃浣跨敤鍏抽敭瀛?new銆?[C:\Users\Humulus.MSI\Documents\Mydata\Programming\MDiceV2\MDiceV2.Core\MDiceV2.Core.csproj]
C:\Users\Humulus.MSI\Documents\Mydata\Programming\MDiceV2\MDiceV2.Core\obj\Release\net10.0-windows\win-x64\Avalonia.Generators\Avalonia.Generators.NameGenerator.AvaloniaNameSourceGenerator\MDiceV2.Core.UI.Views.AdjustableConfigContainer.g.cs(24,49): warning CS0108: 鈥淎djustableConfigContainer.SearchControls鈥濋殣钘忕户鎵跨殑鎴愬憳鈥淐onfigContainer.SearchControls鈥濄€傚鏋滄槸鏈夋剰闅愯棌锛岃浣跨敤鍏抽敭瀛?new銆?[C:\Users\Humulus.MSI\Documents\Mydata\Programming\MDiceV2\MDiceV2.Core\MDiceV2.Core.csproj]
C:\Users\Humulus.MSI\Documents\Mydata\Programming\MDiceV2\MDiceV2.Core\obj\Release\net10.0-windows\win-x64\Avalonia.Generators\Avalonia.Generators.NameGenerator.AvaloniaNameSourceGenerator\MDiceV2.Core.UI.Views.AdjustableConfigContainer.g.cs(38,51): warning CS0108: 鈥淎djustableConfigContainer.HelpPanel鈥濋殣钘忕户鎵跨殑鎴愬憳鈥淐onfigContainer.HelpPanel鈥濄€傚鏋滄槸鏈夋剰闅愯棌锛岃浣跨敤鍏抽敭瀛?new銆?[C:\Users\Humulus.MSI\Documents\Mydata\Programming\MDiceV2\MDiceV2.Core\MDiceV2.Core.csproj]
C:\Users\Humulus.MSI\Documents\Mydata\Programming\MDiceV2\MDiceV2.Core\obj\Release\net10.0-windows\win-x64\Avalonia.Generators\Avalonia.Generators.NameGenerator.AvaloniaNameSourceGenerator\MDiceV2.Core.UI.Views.AdjustableConfigContainer.g.cs(40,51): warning CS0108: 鈥淎djustableConfigContainer.HelpFillArea鈥濋殣钘忕户鎵跨殑鎴愬憳鈥淐onfigContainer.HelpFillArea鈥濄€傚鏋滄槸鏈夋剰闅愯棌锛岃浣跨敤鍏抽敭瀛?new銆?[C:\Users\Humulus.MSI\Documents\Mydata\Programming\MDiceV2\MDiceV2.Core\MDiceV2.Core.csproj]
C:\Users\Humulus.MSI\Documents\Mydata\Programming\MDiceV2\MDiceV2.Core\obj\Release\net10.0-windows\win-x64\Avalonia.Generators\Avalonia.Generators.NameGenerator.AvaloniaNameSourceGenerator\MDiceV2.Core.UI.Views.AdjustableConfigContainer.g.cs(42,49): warning CS0108: 鈥淎djustableConfigContainer.HelpContent鈥濋殣钘忕户鎵跨殑鎴愬憳鈥淐onfigContainer.HelpContent鈥濄€傚鏋滄槸鏈夋剰闅愯棌锛岃浣跨敤鍏抽敭瀛?new銆?[C:\Users\Humulus.MSI\Documents\Mydata\Programming\MDiceV2\MDiceV2.Core\MDiceV2.Core.csproj]
C:\Users\Humulus.MSI\Documents\Mydata\Programming\MDiceV2\MDiceV2.Core\obj\Release\net10.0-windows\win-x64\Avalonia.Generators\Avalonia.Generators.NameGenerator.AvaloniaNameSourceGenerator\MDiceV2.Core.UI.Views.AdjustableConfigContainer.g.cs(44,54): warning CS0108: 鈥淎djustableConfigContainer.HelpTextBlock鈥濋殣钘忕户鎵跨殑鎴愬憳鈥淐onfigContainer.HelpTextBlock鈥濄€傚鏋滄槸鏈夋剰闅愯棌锛岃浣跨敤鍏抽敭瀛?new銆?[C:\Users\Humulus.MSI\Documents\Mydata\Programming\MDiceV2\MDiceV2.Core\MDiceV2.Core.csproj]
C:\Users\Humulus.MSI\Documents\Mydata\Programming\MDiceV2\MDiceV2.Core\obj\Release\net10.0-windows\win-x64\Avalonia.Generators\Avalonia.Generators.NameGenerator.AvaloniaNameSourceGenerator\MDiceV2.Core.UI.Views.AdjustableConfigContainer.g.cs(55,21): warning CS0108: 鈥淎djustableConfigContainer.InitializeComponent(bool)鈥濋殣钘忕户鎵跨殑鎴愬憳鈥淐onfigContainer.InitializeComponent(bool)鈥濄€傚鏋滄槸鏈夋剰闅愯棌锛岃浣跨敤鍏抽敭瀛?new銆?[C:\Users\Humulus.MSI\Documents\Mydata\Programming\MDiceV2\MDiceV2.Core\MDiceV2.Core.csproj]
C:\Users\Humulus.MSI\Documents\Mydata\Programming\MDiceV2\MDiceV2.Core\GameBattle\TurnManager.cs(44,24): warning CS8603: 鍙兘杩斿洖 null 寮曠敤銆?[C:\Users\Humulus.MSI\Documents\Mydata\Programming\MDiceV2\MDiceV2.Core\MDiceV2.Core.csproj]
C:\Users\Humulus.MSI\Documents\Mydata\Programming\MDiceV2\MDiceV2.Core\GameBattle\TurnManager.cs(49,24): warning CS8603: 鍙兘杩斿洖 null 寮曠敤銆?[C:\Users\Humulus.MSI\Documents\Mydata\Programming\MDiceV2\MDiceV2.Core\MDiceV2.Core.csproj]
C:\Users\Humulus.MSI\Documents\Mydata\Programming\MDiceV2\MDiceV2.Core\Models\GlobalRandom.cs(22,46): warning CS8603: 鍙兘杩斿洖 null 寮曠敤銆?[C:\Users\Humulus.MSI\Documents\Mydata\Programming\MDiceV2\MDiceV2.Core\MDiceV2.Core.csproj]
C:\Users\Humulus.MSI\Documents\Mydata\Programming\MDiceV2\MDiceV2.Core\GameBattle\AIController.cs(92,47): warning CS8604: 鈥淟ist<string> AIController.PlaceCharacterRandomly(CharacterCard card)鈥濅腑鐨勫舰鍙傗€渃ard鈥濆彲鑳戒紶鍏?null 寮曠敤瀹炲弬銆?[C:\Users\Humulus.MSI\Documents\Mydata\Programming\MDiceV2\MDiceV2.Core\MDiceV2.Core.csproj]
C:\Users\Humulus.MSI\Documents\Mydata\Programming\MDiceV2\MDiceV2.Core\Models\GlobalMessageQueue.cs(152,65): warning CS8604: 鈥渧oid Action<object>.Invoke(object obj)鈥濅腑鐨勫舰鍙傗€渙bj鈥濆彲鑳戒紶鍏?null 寮曠敤瀹炲弬銆?[C:\Users\Humulus.MSI\Documents\Mydata\Programming\MDiceV2\MDiceV2.Core\MDiceV2.Core.csproj]
C:\Users\Humulus.MSI\Documents\Mydata\Programming\MDiceV2\MDiceV2.Core\Models\GlobalMessageQueue.cs(43,38): warning CS8618: 鍦ㄩ€€鍑烘瀯閫犲嚱鏁版椂锛屼笉鍙负 null 鐨?灞炴€?"Instance" 蹇呴』鍖呭惈闈?null 鍊笺€傝鑰冭檻娣诲姞 "required" 淇グ绗︽垨灏嗚 灞炴€?澹版槑涓哄彲涓?null銆?[C:\Users\Humulus.MSI\Documents\Mydata\Programming\MDiceV2\MDiceV2.Core\MDiceV2.Core.csproj]
C:\Users\Humulus.MSI\Documents\Mydata\Programming\MDiceV2\MDiceV2.Core\Infrastructure\ConfigSyncServer.cs(478,41): warning CS8601: 鍙兘鐨?null 寮曠敤璧嬪€笺€?[C:\Users\Humulus.MSI\Documents\Mydata\Programming\MDiceV2\MDiceV2.Core\MDiceV2.Core.csproj]
C:\Users\Humulus.MSI\Documents\Mydata\Programming\MDiceV2\MDiceV2.Core\Infrastructure\ConfigSyncServer.cs(484,45): warning CS8601: 鍙兘鐨?null 寮曠敤璧嬪€笺€?[C:\Users\Humulus.MSI\Documents\Mydata\Programming\MDiceV2\MDiceV2.Core\MDiceV2.Core.csproj]
C:\Users\Humulus.MSI\Documents\Mydata\Programming\MDiceV2\MDiceV2.Core\GameBattle\TurnManager.cs(178,77): warning CS8604: 鈥渟tring TurnManager.FormatCharacterInfo(Character character)鈥濅腑鐨勫舰鍙傗€渃haracter鈥濆彲鑳戒紶鍏?null 寮曠敤瀹炲弬銆?[C:\Users\Humulus.MSI\Documents\Mydata\Programming\MDiceV2\MDiceV2.Core\MDiceV2.Core.csproj]
C:\Users\Humulus.MSI\Documents\Mydata\Programming\MDiceV2\MDiceV2.Core\Infrastructure\ConfigSyncDispatcher.cs(63,41): warning CS8604: 鈥淭ask Func<string, string, Task>.Invoke(string arg1, string arg2)鈥濅腑鐨勫舰鍙傗€渁rg2鈥濆彲鑳戒紶鍏?null 寮曠敤瀹炲弬銆?[C:\Users\Humulus.MSI\Documents\Mydata\Programming\MDiceV2\MDiceV2.Core\MDiceV2.Core.csproj]
C:\Users\Humulus.MSI\Documents\Mydata\Programming\MDiceV2\MDiceV2.Core\Infrastructure\ConfigSyncDispatcher.cs(86,44): warning CS8604: 鈥淭ask Func<string, string, Task>.Invoke(string arg1, string arg2)鈥濅腑鐨勫舰鍙傗€渁rg2鈥濆彲鑳戒紶鍏?null 寮曠敤瀹炲弬銆?[C:\Users\Humulus.MSI\Documents\Mydata\Programming\MDiceV2\MDiceV2.Core\MDiceV2.Core.csproj]
C:\Users\Humulus.MSI\Documents\Mydata\Programming\MDiceV2\MDiceV2.Core\GameBattle\TurnManager.cs(227,44): warning CS8604: 鈥渂ool Player.AddCharacterToField(Character character, FieldType fieldType)鈥濅腑鐨勫舰鍙傗€渃haracter鈥濆彲鑳戒紶鍏?null 寮曠敤瀹炲弬銆?[C:\Users\Humulus.MSI\Documents\Mydata\Programming\MDiceV2\MDiceV2.Core\MDiceV2.Core.csproj]
C:\Users\Humulus.MSI\Documents\Mydata\Programming\MDiceV2\MDiceV2.Core\UI\Views\ConfigContainer.axaml.cs(275,54): warning CS0253: 鍙兘闈炴湁鎰忕殑寮曠敤姣旇緝锛涜嫢瑕佽幏鍙栧€兼瘮杈冿紝璇峰皢鍙宠竟杞崲涓虹被鍨嬧€渟tring鈥?[C:\Users\Humulus.MSI\Documents\Mydata\Programming\MDiceV2\MDiceV2.Core\MDiceV2.Core.csproj]
C:\Users\Humulus.MSI\Documents\Mydata\Programming\MDiceV2\MDiceV2.Core\Infrastructure\LogBufferPool.cs(310,19): warning CS8618: 鍦ㄩ€€鍑烘瀯閫犲嚱鏁版椂锛屼笉鍙负 null 鐨?灞炴€?"ChannelName" 蹇呴』鍖呭惈闈?null 鍊笺€傝鑰冭檻娣诲姞 "required" 淇グ绗︽垨灏嗚 灞炴€?澹版槑涓哄彲涓?null銆?[C:\Users\Humulus.MSI\Documents\Mydata\Programming\MDiceV2\MDiceV2.Core\MDiceV2.Core.csproj]
C:\Users\Humulus.MSI\Documents\Mydata\Programming\MDiceV2\MDiceV2.Core\Infrastructure\LogBufferPool.cs(104,13): warning CS0618: 鈥淟ogBatcher.Enqueue(string)鈥濆凡杩囨椂:鈥滀娇鐢?EnqueueAsync 浠ｆ浛鈥?[C:\Users\Humulus.MSI\Documents\Mydata\Programming\MDiceV2\MDiceV2.Core\MDiceV2.Core.csproj]
C:\Users\Humulus.MSI\Documents\Mydata\Programming\MDiceV2\MDiceV2.Core\Infrastructure\LogBufferPool.cs(277,36): warning CS8618: 鍦ㄩ€€鍑烘瀯閫犲嚱鏁版椂锛屼笉鍙负 null 鐨?灞炴€?"ChannelStatistics" 蹇呴』鍖呭惈闈?null 鍊笺€傝鑰冭檻娣诲姞 "required" 淇グ绗︽垨灏嗚 灞炴€?澹版槑涓哄彲涓?null銆?[C:\Users\Humulus.MSI\Documents\Mydata\Programming\MDiceV2\MDiceV2.Core\MDiceV2.Core.csproj]
C:\Users\Humulus.MSI\Documents\Mydata\Programming\MDiceV2\MDiceV2.Core\GameBattle\GameStateSnapshot.cs(12,23): warning CS8618: 鍦ㄩ€€鍑烘瀯閫犲嚱鏁版椂锛屼笉鍙负 null 鐨?灞炴€?"Player2Id" 蹇呴』鍖呭惈闈?null 鍊笺€傝鑰冭檻娣诲姞 "required" 淇グ绗︽垨灏嗚 灞炴€?澹版槑涓哄彲涓?null銆?[C:\Users\Humulus.MSI\Documents\Mydata\Programming\MDiceV2\MDiceV2.Core\MDiceV2.Core.csproj]
C:\Users\Humulus.MSI\Documents\Mydata\Programming\MDiceV2\MDiceV2.Core\GameBattle\GameStateSnapshot.cs(14,23): warning CS8618: 鍦ㄩ€€鍑烘瀯閫犲嚱鏁版椂锛屼笉鍙负 null 鐨?灞炴€?"CurrentWeather" 蹇呴』鍖呭惈闈?null 鍊笺€傝鑰冭檻娣诲姞 "required" 淇グ绗︽垨灏嗚 灞炴€?澹版槑涓哄彲涓?null銆?[C:\Users\Humulus.MSI\Documents\Mydata\Programming\MDiceV2\MDiceV2.Core\MDiceV2.Core.csproj]
C:\Users\Humulus.MSI\Documents\Mydata\Programming\MDiceV2\MDiceV2.Core\GameBattle\GameStateSnapshot.cs(19,29): warning CS8618: 鍦ㄩ€€鍑烘瀯閫犲嚱鏁版椂锛屼笉鍙负 null 鐨?灞炴€?"PendingCard" 蹇呴』鍖呭惈闈?null 鍊笺€傝鑰冭檻娣诲姞 "required" 淇グ绗︽垨灏嗚 灞炴€?澹版槑涓哄彲涓?null銆?[C:\Users\Humulus.MSI\Documents\Mydata\Programming\MDiceV2\MDiceV2.Core\MDiceV2.Core.csproj]
C:\Users\Humulus.MSI\Documents\Mydata\Programming\MDiceV2\MDiceV2.Core\GameBattle\GameStateSnapshot.cs(20,31): warning CS8618: 鍦ㄩ€€鍑烘瀯閫犲嚱鏁版椂锛屼笉鍙负 null 鐨?灞炴€?"Player1" 蹇呴』鍖呭惈闈?null 鍊笺€傝鑰冭檻娣诲姞 "required" 淇グ绗︽垨灏嗚 灞炴€?澹版槑涓哄彲涓?null銆?[C:\Users\Humulus.MSI\Documents\Mydata\Programming\MDiceV2\MDiceV2.Core\MDiceV2.Core.csproj]
C:\Users\Humulus.MSI\Documents\Mydata\Programming\MDiceV2\MDiceV2.Core\GameBattle\GameStateSnapshot.cs(21,31): warning CS8618: 鍦ㄩ€€鍑烘瀯閫犲嚱鏁版椂锛屼笉鍙负 null 鐨?灞炴€?"Player2" 蹇呴』鍖呭惈闈?null 鍊笺€傝鑰冭檻娣诲姞 "required" 淇グ绗︽垨灏嗚 灞炴€?澹版槑涓哄彲涓?null銆?[C:\Users\Humulus.MSI\Documents\Mydata\Programming\MDiceV2\MDiceV2.Core\MDiceV2.Core.csproj]
C:\Users\Humulus.MSI\Documents\Mydata\Programming\MDiceV2\MDiceV2.Core\GameBattle\GameStateSnapshot.cs(29,23): warning CS8618: 鍦ㄩ€€鍑烘瀯閫犲嚱鏁版椂锛屼笉鍙负 null 鐨?灞炴€?"Name" 蹇呴』鍖呭惈闈?null 鍊笺€傝鑰冭檻娣诲姞 "required" 淇グ绗︽垨灏嗚 灞炴€?澹版槑涓哄彲涓?null銆?[C:\Users\Humulus.MSI\Documents\Mydata\Programming\MDiceV2\MDiceV2.Core\MDiceV2.Core.csproj]
C:\Users\Humulus.MSI\Documents\Mydata\Programming\MDiceV2\MDiceV2.Core\GameBattle\GameStateSnapshot.cs(55,23): warning CS8618: 鍦ㄩ€€鍑烘瀯閫犲嚱鏁版椂锛屼笉鍙负 null 鐨?灞炴€?"Name" 蹇呴』鍖呭惈闈?null 鍊笺€傝鑰冭檻娣诲姞 "required" 淇グ绗︽垨灏嗚 灞炴€?澹版槑涓哄彲涓?null銆?[C:\Users\Humulus.MSI\Documents\Mydata\Programming\MDiceV2\MDiceV2.Core\MDiceV2.Core.csproj]
C:\Users\Humulus.MSI\Documents\Mydata\Programming\MDiceV2\MDiceV2.Core\GameBattle\GameLoader.cs(55,28): warning CS8603: 鍙兘杩斿洖 null 寮曠敤銆?[C:\Users\Humulus.MSI\Documents\Mydata\Programming\MDiceV2\MDiceV2.Core\MDiceV2.Core.csproj]
C:\Users\Humulus.MSI\Documents\Mydata\Programming\MDiceV2\MDiceV2.Core\GameBattle\GameLoader.cs(67,32): warning CS8603: 鍙兘杩斿洖 null 寮曠敤銆?[C:\Users\Humulus.MSI\Documents\Mydata\Programming\MDiceV2\MDiceV2.Core\MDiceV2.Core.csproj]
C:\Users\Humulus.MSI\Documents\Mydata\Programming\MDiceV2\MDiceV2.Core\GameBattle\GameLoader.cs(72,32): warning CS8603: 鍙兘杩斿洖 null 寮曠敤銆?[C:\Users\Humulus.MSI\Documents\Mydata\Programming\MDiceV2\MDiceV2.Core\MDiceV2.Core.csproj]
C:\Users\Humulus.MSI\Documents\Mydata\Programming\MDiceV2\MDiceV2.Core\GameBattle\GameStateSnapshot.cs(67,39): warning CS8603: 鍙兘杩斿洖 null 寮曠敤銆?[C:\Users\Humulus.MSI\Documents\Mydata\Programming\MDiceV2\MDiceV2.Core\MDiceV2.Core.csproj]
C:\Users\Humulus.MSI\Documents\Mydata\Programming\MDiceV2\MDiceV2.Core\GameBattle\GameStateSnapshot.cs(78,46): warning CS8604: 鈥淐ardSnapshot GameStateSnapshotMapper.ToCardSnapshot(Card card)鈥濅腑鐨勫舰鍙傗€渃ard鈥濆彲鑳戒紶鍏?null 寮曠敤瀹炲弬銆?[C:\Users\Humulus.MSI\Documents\Mydata\Programming\MDiceV2\MDiceV2.Core\MDiceV2.Core.csproj]
C:\Users\Humulus.MSI\Documents\Mydata\Programming\MDiceV2\MDiceV2.Core\GameBattle\GameStateSnapshot.cs(86,42): warning CS8603: 鍙兘杩斿洖 null 寮曠敤銆?[C:\Users\Humulus.MSI\Documents\Mydata\Programming\MDiceV2\MDiceV2.Core\MDiceV2.Core.csproj]
C:\Users\Humulus.MSI\Documents\Mydata\Programming\MDiceV2\MDiceV2.Core\GameBattle\GameStorage.cs(48,24): warning CS8603: 鍙兘杩斿洖 null 寮曠敤銆?[C:\Users\Humulus.MSI\Documents\Mydata\Programming\MDiceV2\MDiceV2.Core\MDiceV2.Core.csproj]
C:\Users\Humulus.MSI\Documents\Mydata\Programming\MDiceV2\MDiceV2.Core\GameBattle\GameStorage.cs(52,20): warning CS8603: 鍙兘杩斿洖 null 寮曠敤銆?[C:\Users\Humulus.MSI\Documents\Mydata\Programming\MDiceV2\MDiceV2.Core\MDiceV2.Core.csproj]
C:\Users\Humulus.MSI\Documents\Mydata\Programming\MDiceV2\MDiceV2.Core\GameBattle\GameStateSnapshot.cs(108,40): warning CS8603: 鍙兘杩斿洖 null 寮曠敤銆?[C:\Users\Humulus.MSI\Documents\Mydata\Programming\MDiceV2\MDiceV2.Core\MDiceV2.Core.csproj]
C:\Users\Humulus.MSI\Documents\Mydata\Programming\MDiceV2\MDiceV2.Core\GameBattle\GameStateSnapshot.cs(120,46): warning CS8604: 鈥淔ieldSnapshot GameStateSnapshotMapper.ToFieldSnapshot(Field field)鈥濅腑鐨勫舰鍙傗€渇ield鈥濆彲鑳戒紶鍏?null 寮曠敤瀹炲弬銆?[C:\Users\Humulus.MSI\Documents\Mydata\Programming\MDiceV2\MDiceV2.Core\MDiceV2.Core.csproj]
C:\Users\Humulus.MSI\Documents\Mydata\Programming\MDiceV2\MDiceV2.Core\GameBattle\GameStateSnapshot.cs(121,47): warning CS8604: 鈥淔ieldSnapshot GameStateSnapshotMapper.ToFieldSnapshot(Field field)鈥濅腑鐨勫舰鍙傗€渇ield鈥濆彲鑳戒紶鍏?null 寮曠敤瀹炲弬銆?[C:\Users\Humulus.MSI\Documents\Mydata\Programming\MDiceV2\MDiceV2.Core\MDiceV2.Core.csproj]
C:\Users\Humulus.MSI\Documents\Mydata\Programming\MDiceV2\MDiceV2.Core\GameBattle\GameStateSnapshot.cs(122,45): warning CS8604: 鈥淔ieldSnapshot GameStateSnapshotMapper.ToFieldSnapshot(Field field)鈥濅腑鐨勫舰鍙傗€渇ield鈥濆彲鑳戒紶鍏?null 寮曠敤瀹炲弬銆?[C:\Users\Humulus.MSI\Documents\Mydata\Programming\MDiceV2\MDiceV2.Core\MDiceV2.Core.csproj]
C:\Users\Humulus.MSI\Documents\Mydata\Programming\MDiceV2\MDiceV2.Core\GameBattle\SkillTrigger.cs(52,23): warning CS8618: 鍦ㄩ€€鍑烘瀯閫犲嚱鏁版椂锛屼笉鍙负 null 鐨?灞炴€?"SkillId" 蹇呴』鍖呭惈闈?null 鍊笺€傝鑰冭檻娣诲姞 "required" 淇グ绗︽垨灏嗚 灞炴€?澹版槑涓哄彲涓?null銆?[C:\Users\Humulus.MSI\Documents\Mydata\Programming\MDiceV2\MDiceV2.Core\MDiceV2.Core.csproj]
C:\Users\Humulus.MSI\Documents\Mydata\Programming\MDiceV2\MDiceV2.Core\GameBattle\SkillTrigger.cs(57,23): warning CS8618: 鍦ㄩ€€鍑烘瀯閫犲嚱鏁版椂锛屼笉鍙负 null 鐨?灞炴€?"Name" 蹇呴』鍖呭惈闈?null 鍊笺€傝鑰冭檻娣诲姞 "required" 淇グ绗︽垨灏嗚 灞炴€?澹版槑涓哄彲涓?null銆?[C:\Users\Humulus.MSI\Documents\Mydata\Programming\MDiceV2\MDiceV2.Core\MDiceV2.Core.csproj]
C:\Users\Humulus.MSI\Documents\Mydata\Programming\MDiceV2\MDiceV2.Core\GameBattle\SkillTrigger.cs(62,23): warning CS8618: 鍦ㄩ€€鍑烘瀯閫犲嚱鏁版椂锛屼笉鍙负 null 鐨?灞炴€?"Description" 蹇呴』鍖呭惈闈?null 鍊笺€傝鑰冭檻娣诲姞 "required" 淇グ绗︽垨灏嗚 灞炴€?澹版槑涓哄彲涓?null銆?[C:\Users\Humulus.MSI\Documents\Mydata\Programming\MDiceV2\MDiceV2.Core\MDiceV2.Core.csproj]
C:\Users\Humulus.MSI\Documents\Mydata\Programming\MDiceV2\MDiceV2.Core\GameBattle\SkillTrigger.cs(72,23): warning CS8618: 鍦ㄩ€€鍑烘瀯閫犲嚱鏁版椂锛屼笉鍙负 null 鐨?灞炴€?"LuaFunctionName" 蹇呴』鍖呭惈闈?null 鍊笺€傝鑰冭檻娣诲姞 "required" 淇グ绗︽垨灏嗚 灞炴€?澹版槑涓哄彲涓?null銆?[C:\Users\Humulus.MSI\Documents\Mydata\Programming\MDiceV2\MDiceV2.Core\MDiceV2.Core.csproj]
C:\Users\Humulus.MSI\Documents\Mydata\Programming\MDiceV2\MDiceV2.Core\GameBattle\SkillTrigger.cs(82,23): warning CS8618: 鍦ㄩ€€鍑烘瀯閫犲嚱鏁版椂锛屼笉鍙负 null 鐨?灞炴€?"LuaScript" 蹇呴』鍖呭惈闈?null 鍊笺€傝鑰冭檻娣诲姞 "required" 淇グ绗︽垨灏嗚 灞炴€?澹版槑涓哄彲涓?null銆?[C:\Users\Humulus.MSI\Documents\Mydata\Programming\MDiceV2\MDiceV2.Core\MDiceV2.Core.csproj]
C:\Users\Humulus.MSI\Documents\Mydata\Programming\MDiceV2\MDiceV2.Core\GameBattle\GameStorage.cs(63,20): warning CS8619: 绫诲瀷鈥淟ist<string?>鈥濈殑鍊间腑寮曠敤绫诲瀷鐨勪负 Null 鎬т笌鐩爣绫诲瀷鈥淟ist<string>鈥濅笉鍖归厤銆?[C:\Users\Humulus.MSI\Documents\Mydata\Programming\MDiceV2\MDiceV2.Core\MDiceV2.Core.csproj]
C:\Users\Humulus.MSI\Documents\Mydata\Programming\MDiceV2\MDiceV2.Core\GameBattle\GameStateSnapshot.cs(128,42): warning CS8603: 鍙兘杩斿洖 null 寮曠敤銆?[C:\Users\Humulus.MSI\Documents\Mydata\Programming\MDiceV2\MDiceV2.Core\MDiceV2.Core.csproj]
C:\Users\Humulus.MSI\Documents\Mydata\Programming\MDiceV2\MDiceV2.Core\GameBattle\GameStateSnapshot.cs(142,34): warning CS8604: 鈥渧oid GameStateSnapshotMapper.RestoreField(Player player, Field field, FieldSnapshot snapshot)鈥濅腑鐨勫舰鍙傗€渇ield鈥濆彲鑳戒紶鍏?null 寮曠敤瀹炲弬銆?[C:\Users\Humulus.MSI\Documents\Mydata\Programming\MDiceV2\MDiceV2.Core\MDiceV2.Core.csproj]
C:\Users\Humulus.MSI\Documents\Mydata\Programming\MDiceV2\MDiceV2.Core\GameBattle\GameStateSnapshot.cs(143,34): warning CS8604: 鈥渧oid GameStateSnapshotMapper.RestoreField(Player player, Field field, FieldSnapshot snapshot)鈥濅腑鐨勫舰鍙傗€渇ield鈥濆彲鑳戒紶鍏?null 寮曠敤瀹炲弬銆?[C:\Users\Humulus.MSI\Documents\Mydata\Programming\MDiceV2\MDiceV2.Core\MDiceV2.Core.csproj]
C:\Users\Humulus.MSI\Documents\Mydata\Programming\MDiceV2\MDiceV2.Core\GameBattle\GameStateSnapshot.cs(144,34): warning CS8604: 鈥渧oid GameStateSnapshotMapper.RestoreField(Player player, Field field, FieldSnapshot snapshot)鈥濅腑鐨勫舰鍙傗€渇ield鈥濆彲鑳戒紶鍏?null 寮曠敤瀹炲弬銆?[C:\Users\Humulus.MSI\Documents\Mydata\Programming\MDiceV2\MDiceV2.Core\MDiceV2.Core.csproj]
C:\Users\Humulus.MSI\Documents\Mydata\Programming\MDiceV2\MDiceV2.Core\GameBattle\GameLoader.cs(148,30): warning CS8714: 绫诲瀷鈥渟tring?鈥濅笉鑳界敤浣滄硾鍨嬬被鍨嬫垨鏂规硶鈥淓numerable.ToDictionary<TSource, TKey, TElement>(IEnumerable<TSource>, Func<TSource, TKey>, Func<TSource, TElement>)鈥濅腑鐨勭被鍨嬪弬鏁扳€淭Key鈥濄€傜被鍨嬪弬鏁扳€渟tring?鈥濈殑涓?Null 鎬т笌 "notnull" 绾︽潫涓嶅尮閰嶃€?[C:\Users\Humulus.MSI\Documents\Mydata\Programming\MDiceV2\MDiceV2.Core\MDiceV2.Core.csproj]
C:\Users\Humulus.MSI\Documents\Mydata\Programming\MDiceV2\MDiceV2.Core\GameBattle\GameLoader.cs(148,69): warning CS8621: 鈥渓ambda 琛ㄨ揪寮忊€濈殑杩斿洖绫诲瀷涓紩鐢ㄧ被鍨嬬殑涓?Null 鎬т笌鐩爣濮旀墭鈥淔unc<IGrouping<string?, Character>, string?>鈥濅笉鍖归厤(鍙兘鏄敱浜庝负 Null 鎬х壒鎬?銆?[C:\Users\Humulus.MSI\Documents\Mydata\Programming\MDiceV2\MDiceV2.Core\MDiceV2.Core.csproj]
C:\Users\Humulus.MSI\Documents\Mydata\Programming\MDiceV2\MDiceV2.Core\GameBattle\GameStateSnapshot.cs(218,38): warning CS8603: 鍙兘杩斿洖 null 寮曠敤銆?[C:\Users\Humulus.MSI\Documents\Mydata\Programming\MDiceV2\MDiceV2.Core\MDiceV2.Core.csproj]
C:\Users\Humulus.MSI\Documents\Mydata\Programming\MDiceV2\MDiceV2.Core\GameBattle\GameStateSnapshot.cs(224,28): warning CS8601: 鍙兘鐨?null 寮曠敤璧嬪€笺€?[C:\Users\Humulus.MSI\Documents\Mydata\Programming\MDiceV2\MDiceV2.Core\MDiceV2.Core.csproj]
C:\Users\Humulus.MSI\Documents\Mydata\Programming\MDiceV2\MDiceV2.Core\GameBattle\GameStateSnapshot.cs(232,24): warning CS8601: 鍙兘鐨?null 寮曠敤璧嬪€笺€?[C:\Users\Humulus.MSI\Documents\Mydata\Programming\MDiceV2\MDiceV2.Core\MDiceV2.Core.csproj]
C:\Users\Humulus.MSI\Documents\Mydata\Programming\MDiceV2\MDiceV2.Core\GameBattle\GameStateSnapshot.cs(239,42): warning CS8603: 鍙兘杩斿洖 null 寮曠敤銆?[C:\Users\Humulus.MSI\Documents\Mydata\Programming\MDiceV2\MDiceV2.Core\MDiceV2.Core.csproj]
C:\Users\Humulus.MSI\Documents\Mydata\Programming\MDiceV2\MDiceV2.Core\GameBattle\GameStateSnapshot.cs(247,28): warning CS8603: 鍙兘杩斿洖 null 寮曠敤銆?[C:\Users\Humulus.MSI\Documents\Mydata\Programming\MDiceV2\MDiceV2.Core\MDiceV2.Core.csproj]
C:\Users\Humulus.MSI\Documents\Mydata\Programming\MDiceV2\MDiceV2.Core\GameBattle\GameStateSnapshot.cs(263,28): warning CS8603: 鍙兘杩斿洖 null 寮曠敤銆?[C:\Users\Humulus.MSI\Documents\Mydata\Programming\MDiceV2\MDiceV2.Core\MDiceV2.Core.csproj]
C:\Users\Humulus.MSI\Documents\Mydata\Programming\MDiceV2\MDiceV2.Core\Infrastructure\GrpcConfigSyncClient.cs(307,26): warning CS0168: 澹版槑浜嗗彉閲忊€渆x鈥濓紝浣嗕粠鏈娇鐢ㄨ繃 [C:\Users\Humulus.MSI\Documents\Mydata\Programming\MDiceV2\MDiceV2.Core\MDiceV2.Core.csproj]
C:\Users\Humulus.MSI\Documents\Mydata\Programming\MDiceV2\MDiceV2.Core\GameBattle\GameLoader.cs(371,53): warning CS8604: 鈥渂ool Dictionary<string, Character>.ContainsKey(string key)鈥濅腑鐨勫舰鍙傗€渒ey鈥濆彲鑳戒紶鍏?null 寮曠敤瀹炲弬銆?[C:\Users\Humulus.MSI\Documents\Mydata\Programming\MDiceV2\MDiceV2.Core\MDiceV2.Core.csproj]
C:\Users\Humulus.MSI\Documents\Mydata\Programming\MDiceV2\MDiceV2.Core\GameBattle\TurnManager.cs(771,24): warning CS8603: 鍙兘杩斿洖 null 寮曠敤銆?[C:\Users\Humulus.MSI\Documents\Mydata\Programming\MDiceV2\MDiceV2.Core\MDiceV2.Core.csproj]
C:\Users\Humulus.MSI\Documents\Mydata\Programming\MDiceV2\MDiceV2.Core\GameBattle\GameLoader.cs(505,52): warning CS8604: 鈥渂ool Dictionary<string, LuaSkill>.TryGetValue(string key, out LuaSkill value)鈥濅腑鐨勫舰鍙傗€渒ey鈥濆彲鑳戒紶鍏?null 寮曠敤瀹炲弬銆?[C:\Users\Humulus.MSI\Documents\Mydata\Programming\MDiceV2\MDiceV2.Core\MDiceV2.Core.csproj]
C:\Users\Humulus.MSI\Documents\Mydata\Programming\MDiceV2\MDiceV2.Core\GameBattle\GameLoader.cs(516,39): warning CS8604: 鈥淪pecialCard Dictionary<string, SpecialCard>.this[string key]鈥濅腑鐨勫舰鍙傗€渒ey鈥濆彲鑳戒紶鍏?null 寮曠敤瀹炲弬銆?[C:\Users\Humulus.MSI\Documents\Mydata\Programming\MDiceV2\MDiceV2.Core\MDiceV2.Core.csproj]
C:\Users\Humulus.MSI\Documents\Mydata\Programming\MDiceV2\MDiceV2.Core\GameBattle\GameLoader.cs(664,42): warning CS8601: 鍙兘鐨?null 寮曠敤璧嬪€笺€?[C:\Users\Humulus.MSI\Documents\Mydata\Programming\MDiceV2\MDiceV2.Core\MDiceV2.Core.csproj]
C:\Users\Humulus.MSI\Documents\Mydata\Programming\MDiceV2\MDiceV2.Core\GameBattle\GameLoader.cs(823,48): warning CS8604: 鈥渂ool Dictionary<string, LuaSkill>.TryGetValue(string key, out LuaSkill value)鈥濅腑鐨勫舰鍙傗€渒ey鈥濆彲鑳戒紶鍏?null 寮曠敤瀹炲弬銆?[C:\Users\Humulus.MSI\Documents\Mydata\Programming\MDiceV2\MDiceV2.Core\MDiceV2.Core.csproj]
C:\Users\Humulus.MSI\Documents\Mydata\Programming\MDiceV2\MDiceV2.Core\GameBattle\GameLoader.cs(843,48): warning CS8604: 鈥渂ool Dictionary<string, LuaSkill>.TryGetValue(string key, out LuaSkill value)鈥濅腑鐨勫舰鍙傗€渒ey鈥濆彲鑳戒紶鍏?null 寮曠敤瀹炲弬銆?[C:\Users\Humulus.MSI\Documents\Mydata\Programming\MDiceV2\MDiceV2.Core\MDiceV2.Core.csproj]
C:\Users\Humulus.MSI\Documents\Mydata\Programming\MDiceV2\MDiceV2.Core\Models\MessageDistribution.cs(1287,58): warning CS8601: 鍙兘鐨?null 寮曠敤璧嬪€笺€?[C:\Users\Humulus.MSI\Documents\Mydata\Programming\MDiceV2\MDiceV2.Core\MDiceV2.Core.csproj]
C:\Users\Humulus.MSI\Documents\Mydata\Programming\MDiceV2\MDiceV2.Core\Models\MessageDistribution.cs(1328,16): warning CS8603: 鍙兘杩斿洖 null 寮曠敤銆?[C:\Users\Humulus.MSI\Documents\Mydata\Programming\MDiceV2\MDiceV2.Core\MDiceV2.Core.csproj]
C:\Users\Humulus.MSI\Documents\Mydata\Programming\MDiceV2\MDiceV2.Core\GameBattle\GameLoader.cs(978,29): warning CS8600: 灏?null 鏂囨湰鎴栧彲鑳界殑 null 鍊艰浆鎹负涓嶅彲涓?null 绫诲瀷銆?[C:\Users\Humulus.MSI\Documents\Mydata\Programming\MDiceV2\MDiceV2.Core\MDiceV2.Core.csproj]
C:\Users\Humulus.MSI\Documents\Mydata\Programming\MDiceV2\MDiceV2.Core\GameBattle\GameLoader.cs(981,38): warning CS8601: 鍙兘鐨?null 寮曠敤璧嬪€笺€?[C:\Users\Humulus.MSI\Documents\Mydata\Programming\MDiceV2\MDiceV2.Core\MDiceV2.Core.csproj]
C:\Users\Humulus.MSI\Documents\Mydata\Programming\MDiceV2\MDiceV2.Core\UI\ViewModels\MainViewModel.cs(2759,48): warning CS0618: 鈥淢essageProcessor.GetInstance()鈥濆凡杩囨椂:鈥滃簲浣跨敤渚濊禆娉ㄥ叆鑰岄潪GetInstance()鈥?[C:\Users\Humulus.MSI\Documents\Mydata\Programming\MDiceV2\MDiceV2.Core\MDiceV2.Core.csproj]
C:\Users\Humulus.MSI\Documents\Mydata\Programming\MDiceV2\MDiceV2.Core\UI\ViewModels\MainViewModel.cs(2912,36): warning CS0618: 鈥淢essageProcessor.GetInstance()鈥濆凡杩囨椂:鈥滃簲浣跨敤渚濊禆娉ㄥ叆鑰岄潪GetInstance()鈥?[C:\Users\Humulus.MSI\Documents\Mydata\Programming\MDiceV2\MDiceV2.Core\MDiceV2.Core.csproj]
C:\Users\Humulus.MSI\Documents\Mydata\Programming\MDiceV2\MDiceV2.Core\UI\ViewModels\MainViewModel.cs(3168,36): warning CS0618: 鈥淢essageProcessor.GetInstance()鈥濆凡杩囨椂:鈥滃簲浣跨敤渚濊禆娉ㄥ叆鑰岄潪GetInstance()鈥?[C:\Users\Humulus.MSI\Documents\Mydata\Programming\MDiceV2\MDiceV2.Core\MDiceV2.Core.csproj]
C:\Users\Humulus.MSI\Documents\Mydata\Programming\MDiceV2\MDiceV2.Core\Infrastructure\ServiceBootstrapper.cs(494,58): warning CS0067: 浠庝笉浣跨敤浜嬩欢鈥淕rpcProxyChannel.OnMessageReceived鈥?[C:\Users\Humulus.MSI\Documents\Mydata\Programming\MDiceV2\MDiceV2.Core\MDiceV2.Core.csproj]
C:\Users\Humulus.MSI\Documents\Mydata\Programming\MDiceV2\MDiceV2.Core\UI\App.cs(146,36): warning IL3000: 'System.Reflection.Assembly.Location.get' always returns an empty string for assemblies embedded in a single-file app. If the path to the app directory is needed, consider calling 'System.AppContext.BaseDirectory'. [C:\Users\Humulus.MSI\Documents\Mydata\Programming\MDiceV2\MDiceV2.Core\MDiceV2.Core.csproj]
C:\Users\Humulus.MSI\Documents\Mydata\Programming\MDiceV2\MDiceV2.Core\UI\ViewModels\MainViewModel.cs(897,21): warning IL3000: 'System.Reflection.Assembly.Location.get' always returns an empty string for assemblies embedded in a single-file app. If the path to the app directory is needed, consider calling 'System.AppContext.BaseDirectory'. [C:\Users\Humulus.MSI\Documents\Mydata\Programming\MDiceV2\MDiceV2.Core\MDiceV2.Core.csproj]
C:\Users\Humulus.MSI\Documents\Mydata\Programming\MDiceV2\Mods\CustomizedReply\CustomizedReplyMod.cs(230,36): warning CS0618: 鈥淢essageProcessor.GetInstance()鈥濆凡杩囨椂:鈥滃簲浣跨敤渚濊禆娉ㄥ叆鑰岄潪GetInstance()鈥?[C:\Users\Humulus.MSI\Documents\Mydata\Programming\MDiceV2\Mods\CustomizedReply\CustomizedReply.csproj]
C:\Users\Humulus.MSI\Documents\Mydata\Programming\MDiceV2\Mods\CustomizedReply\ScriptExecutor.cs(463,36): warning CS8600: 灏?null 鏂囨湰鎴栧彲鑳界殑 null 鍊艰浆鎹负涓嶅彲涓?null 绫诲瀷銆?[C:\Users\Humulus.MSI\Documents\Mydata\Programming\MDiceV2\Mods\CustomizedReply\CustomizedReply.csproj]
C:\Users\Humulus.MSI\Documents\Mydata\Programming\MDiceV2\Mods\CustomizedReply\UI\CustomizedReplyPanel.axaml.cs(974,48): warning CS8604: 鈥淟ist<string>.List(IEnumerable<string> collection)鈥濅腑鐨勫舰鍙傗€渃ollection鈥濆彲鑳戒紶鍏?null 寮曠敤瀹炲弬銆?[C:\Users\Humulus.MSI\Documents\Mydata\Programming\MDiceV2\Mods\CustomizedReply\CustomizedReply.csproj]
C:\Users\Humulus.MSI\Documents\Mydata\Programming\MDiceV2\Mods\CustomizedReply\UI\CustomizedReplyPanel.axaml.cs(976,38): warning CS8601: 鍙兘鐨?null 寮曠敤璧嬪€笺€?[C:\Users\Humulus.MSI\Documents\Mydata\Programming\MDiceV2\Mods\CustomizedReply\CustomizedReply.csproj]
C:\Users\Humulus.MSI\Documents\Mydata\Programming\MDiceV2\Mods\CustomizedReply\UI\CustomizedReplyPanel.axaml.cs(1807,50): warning CS8604: 鈥淟ist<string>.List(IEnumerable<string> collection)鈥濅腑鐨勫舰鍙傗€渃ollection鈥濆彲鑳戒紶鍏?null 寮曠敤瀹炲弬銆?[C:\Users\Humulus.MSI\Documents\Mydata\Programming\MDiceV2\Mods\CustomizedReply\CustomizedReply.csproj]
C:\Users\Humulus.MSI\Documents\Mydata\Programming\MDiceV2\Mods\CustomizedReply\CustomizedReplyMod.cs(1330,30): warning CS0219: 鍙橀噺鈥渉asScript鈥濆凡琚祴鍊硷紝浣嗕粠鏈娇鐢ㄨ繃瀹冪殑鍊?[C:\Users\Humulus.MSI\Documents\Mydata\Programming\MDiceV2\Mods\CustomizedReply\CustomizedReply.csproj]
C:\Users\Humulus.MSI\Documents\Mydata\Programming\MDiceV2\Mods\CustomizedReply\CustomizedReplyMod.cs(1331,33): warning CS0219: 鍙橀噺鈥渟criptContent鈥濆凡琚祴鍊硷紝浣嗕粠鏈娇鐢ㄨ繃瀹冪殑鍊?[C:\Users\Humulus.MSI\Documents\Mydata\Programming\MDiceV2\Mods\CustomizedReply\CustomizedReply.csproj]
C:\Users\Humulus.MSI\Documents\Mydata\Programming\MDiceV2\Mods\CustomizedReply\CustomizedReplyMod.cs(1332,41): warning CS0219: 鍙橀噺鈥渟criptMetadata鈥濆凡琚祴鍊硷紝浣嗕粠鏈娇鐢ㄨ繃瀹冪殑鍊?[C:\Users\Humulus.MSI\Documents\Mydata\Programming\MDiceV2\Mods\CustomizedReply\CustomizedReply.csproj]
C:\Users\Humulus.MSI\Documents\Mydata\Programming\MDiceV2\Mods\CustomizedReply\UI\CustomizedReplyPanel.axaml.cs(1954,34): warning CS0168: 澹版槑浜嗗彉閲忊€渆x鈥濓紝浣嗕粠鏈娇鐢ㄨ繃 [C:\Users\Humulus.MSI\Documents\Mydata\Programming\MDiceV2\Mods\CustomizedReply\CustomizedReply.csproj]
C:\Users\Humulus.MSI\Documents\Mydata\Programming\MDiceV2\Mods\CustomizedReply\UI\CustomizedReplyPanel.axaml.cs(1985,38): warning CS0618: 鈥淥penFileDialog鈥濆凡杩囨椂:鈥淯se Window.StorageProvider API or TopLevel.StorageProvider API鈥?[C:\Users\Humulus.MSI\Documents\Mydata\Programming\MDiceV2\Mods\CustomizedReply\CustomizedReply.csproj]
C:\Users\Humulus.MSI\Documents\Mydata\Programming\MDiceV2\Mods\CustomizedReply\UI\CustomizedReplyPanel.axaml.cs(1988,36): warning CS0618: 鈥淔ileDialogFilter鈥濆凡杩囨椂:鈥淯se Window.StorageProvider API or TopLevel.StorageProvider API鈥?[C:\Users\Humulus.MSI\Documents\Mydata\Programming\MDiceV2\Mods\CustomizedReply\CustomizedReply.csproj]
C:\Users\Humulus.MSI\Documents\Mydata\Programming\MDiceV2\Mods\CustomizedReply\UI\CustomizedReplyPanel.axaml.cs(1990,25): warning CS0618: 鈥淔ileDialogFilter鈥濆凡杩囨椂:鈥淯se Window.StorageProvider API or TopLevel.StorageProvider API鈥?[C:\Users\Humulus.MSI\Documents\Mydata\Programming\MDiceV2\Mods\CustomizedReply\CustomizedReply.csproj]
C:\Users\Humulus.MSI\Documents\Mydata\Programming\MDiceV2\Mods\CustomizedReply\UI\CustomizedReplyPanel.axaml.cs(1995,25): warning CS0618: 鈥淔ileDialogFilter鈥濆凡杩囨椂:鈥淯se Window.StorageProvider API or TopLevel.StorageProvider API鈥?[C:\Users\Humulus.MSI\Documents\Mydata\Programming\MDiceV2\Mods\CustomizedReply\CustomizedReply.csproj]
C:\Users\Humulus.MSI\Documents\Mydata\Programming\MDiceV2\Mods\CustomizedReply\CustomizedReplyMod.cs(1756,51): warning CS8604: 鈥淛sonDocument JsonDocument.Parse(string json, JsonDocumentOptions options = default(JsonDocumentOptions))鈥濅腑鐨勫舰鍙傗€渏son鈥濆彲鑳戒紶鍏?null 寮曠敤瀹炲弬銆?[C:\Users\Humulus.MSI\Documents\Mydata\Programming\MDiceV2\Mods\CustomizedReply\CustomizedReply.csproj]
C:\Users\Humulus.MSI\Documents\Mydata\Programming\MDiceV2\Mods\CustomizedReply\CustomizedReplyMod.cs(1838,51): warning CS8604: 鈥淛sonDocument JsonDocument.Parse(string json, JsonDocumentOptions options = default(JsonDocumentOptions))鈥濅腑鐨勫舰鍙傗€渏son鈥濆彲鑳戒紶鍏?null 寮曠敤瀹炲弬銆?[C:\Users\Humulus.MSI\Documents\Mydata\Programming\MDiceV2\Mods\CustomizedReply\CustomizedReply.csproj]
C:\Users\Humulus.MSI\Documents\Mydata\Programming\MDiceV2\Mods\CustomizedReply\UI\CustomizedReplyPanel.axaml.cs(793,24): warning AVA2002: Cannot initialize Bitmap from "avares" scheme directly [C:\Users\Humulus.MSI\Documents\Mydata\Programming\MDiceV2\Mods\CustomizedReply\CustomizedReply.csproj]
    98 涓鍛?
    0 涓敊璇?

宸茬敤鏃堕棿 00:00:04.77
Publishing Launcher to root...
  Generated version 0.2.5.4118 (info: 0.2.5.4118-beta) -> obj\Release\net9.0\GeneratedVersion.g.cs
  Generated version 0.2.5.4119 (info: 0.2.5.4119-beta) -> obj\Release\net10.0-windows\GeneratedVersion.g.cs
  MDiceV2.Abstractions -> C:\Users\Humulus.MSI\Documents\Mydata\Programming\MDiceV2\MDiceV2.Abstractions\bin\Release\net9.0\MDiceV2.Abstractions.dll
  MDiceV2.Interfaces -> C:\Users\Humulus.MSI\Documents\Mydata\Programming\MDiceV2\MDiceV2.Interfaces\bin\Release\net10.0-windows\MDiceV2.Interfaces.dll
  Generated version 0.2.5.4120 (info: 0.2.5.4120-beta) -> obj\Release\net10.0-windows\win-x64\GeneratedVersion.g.cs
C:\Users\Humulus.MSI\Documents\Mydata\Programming\MDiceV2\MDiceV2.Core\obj\Release\net10.0-windows\win-x64\Avalonia.Generators\Avalonia.Generators.NameGenerator.AvaloniaNameSourceGenerator\MDiceV2.Core.UI.Views.AdjustableConfigContainer.g.cs(12,51): warning CS0108: 鈥淎djustableConfigContainer.Title鈥濋殣钘忕户鎵跨殑鎴愬憳鈥淐onfigContainer.Title鈥濄€傚鏋滄槸鏈夋剰闅愯棌锛岃浣跨敤鍏抽敭瀛?new銆?[C:\Users\Humulus.MSI\Documents\Mydata\Programming\MDiceV2\MDiceV2.Core\MDiceV2.Core.csproj]
C:\Users\Humulus.MSI\Documents\Mydata\Programming\MDiceV2\MDiceV2.Core\obj\Release\net10.0-windows\win-x64\Avalonia.Generators\Avalonia.Generators.NameGenerator.AvaloniaNameSourceGenerator\MDiceV2.Core.UI.Views.AdjustableConfigContainer.g.cs(14,51): warning CS0108: 鈥淎djustableConfigContainer.SearchButton鈥濋殣钘忕户鎵跨殑鎴愬憳鈥淐onfigContainer.SearchButton鈥濄€傚鏋滄槸鏈夋剰闅愯棌锛岃浣跨敤鍏抽敭瀛?new銆?[C:\Users\Humulus.MSI\Documents\Mydata\Programming\MDiceV2\MDiceV2.Core\MDiceV2.Core.csproj]
C:\Users\Humulus.MSI\Documents\Mydata\Programming\MDiceV2\MDiceV2.Core\obj\Release\net10.0-windows\win-x64\Avalonia.Generators\Avalonia.Generators.NameGenerator.AvaloniaNameSourceGenerator\MDiceV2.Core.UI.Views.AdjustableConfigContainer.g.cs(18,51): warning CS0108: 鈥淎djustableConfigContainer.HelpButton鈥濋殣钘忕户鎵跨殑鎴愬憳鈥淐onfigContainer.HelpButton鈥濄€傚鏋滄槸鏈夋剰闅愯棌锛岃浣跨敤鍏抽敭瀛?new銆?[C:\Users\Humulus.MSI\Documents\Mydata\Programming\MDiceV2\MDiceV2.Core\MDiceV2.Core.csproj]
C:\Users\Humulus.MSI\Documents\Mydata\Programming\MDiceV2\MDiceV2.Core\obj\Release\net10.0-windows\win-x64\Avalonia.Generators\Avalonia.Generators.NameGenerator.AvaloniaNameSourceGenerator\MDiceV2.Core.UI.Views.AdjustableConfigContainer.g.cs(20,51): warning CS0108: 鈥淎djustableConfigContainer.SearchPanel鈥濋殣钘忕户鎵跨殑鎴愬憳鈥淐onfigContainer.SearchPanel鈥濄€傚鏋滄槸鏈夋剰闅愯棌锛岃浣跨敤鍏抽敭瀛?new銆?[C:\Users\Humulus.MSI\Documents\Mydata\Programming\MDiceV2\MDiceV2.Core\MDiceV2.Core.csproj]
C:\Users\Humulus.MSI\Documents\Mydata\Programming\MDiceV2\MDiceV2.Core\obj\Release\net10.0-windows\win-x64\Avalonia.Generators\Avalonia.Generators.NameGenerator.AvaloniaNameSourceGenerator\MDiceV2.Core.UI.Views.AdjustableConfigContainer.g.cs(22,51): warning CS0108: 鈥淎djustableConfigContainer.FillArea鈥濋殣钘忕户鎵跨殑鎴愬憳鈥淐onfigContainer.FillArea鈥濄€傚鏋滄槸鏈夋剰闅愯棌锛岃浣跨敤鍏抽敭瀛?new銆?[C:\Users\Humulus.MSI\Documents\Mydata\Programming\MDiceV2\MDiceV2.Core\MDiceV2.Core.csproj]
C:\Users\Humulus.MSI\Documents\Mydata\Programming\MDiceV2\MDiceV2.Core\obj\Release\net10.0-windows\win-x64\Avalonia.Generators\Avalonia.Generators.NameGenerator.AvaloniaNameSourceGenerator\MDiceV2.Core.UI.Views.AdjustableConfigContainer.g.cs(24,49): warning CS0108: 鈥淎djustableConfigContainer.SearchControls鈥濋殣钘忕户鎵跨殑鎴愬憳鈥淐onfigContainer.SearchControls鈥濄€傚鏋滄槸鏈夋剰闅愯棌锛岃浣跨敤鍏抽敭瀛?new銆?[C:\Users\Humulus.MSI\Documents\Mydata\Programming\MDiceV2\MDiceV2.Core\MDiceV2.Core.csproj]
C:\Users\Humulus.MSI\Documents\Mydata\Programming\MDiceV2\MDiceV2.Core\obj\Release\net10.0-windows\win-x64\Avalonia.Generators\Avalonia.Generators.NameGenerator.AvaloniaNameSourceGenerator\MDiceV2.Core.UI.Views.AdjustableConfigContainer.g.cs(38,51): warning CS0108: 鈥淎djustableConfigContainer.HelpPanel鈥濋殣钘忕户鎵跨殑鎴愬憳鈥淐onfigContainer.HelpPanel鈥濄€傚鏋滄槸鏈夋剰闅愯棌锛岃浣跨敤鍏抽敭瀛?new銆?[C:\Users\Humulus.MSI\Documents\Mydata\Programming\MDiceV2\MDiceV2.Core\MDiceV2.Core.csproj]
C:\Users\Humulus.MSI\Documents\Mydata\Programming\MDiceV2\MDiceV2.Core\obj\Release\net10.0-windows\win-x64\Avalonia.Generators\Avalonia.Generators.NameGenerator.AvaloniaNameSourceGenerator\MDiceV2.Core.UI.Views.AdjustableConfigContainer.g.cs(40,51): warning CS0108: 鈥淎djustableConfigContainer.HelpFillArea鈥濋殣钘忕户鎵跨殑鎴愬憳鈥淐onfigContainer.HelpFillArea鈥濄€傚鏋滄槸鏈夋剰闅愯棌锛岃浣跨敤鍏抽敭瀛?new銆?[C:\Users\Humulus.MSI\Documents\Mydata\Programming\MDiceV2\MDiceV2.Core\MDiceV2.Core.csproj]
C:\Users\Humulus.MSI\Documents\Mydata\Programming\MDiceV2\MDiceV2.Core\obj\Release\net10.0-windows\win-x64\Avalonia.Generators\Avalonia.Generators.NameGenerator.AvaloniaNameSourceGenerator\MDiceV2.Core.UI.Views.AdjustableConfigContainer.g.cs(42,49): warning CS0108: 鈥淎djustableConfigContainer.HelpContent鈥濋殣钘忕户鎵跨殑鎴愬憳鈥淐onfigContainer.HelpContent鈥濄€傚鏋滄槸鏈夋剰闅愯棌锛岃浣跨敤鍏抽敭瀛?new銆?[C:\Users\Humulus.MSI\Documents\Mydata\Programming\MDiceV2\MDiceV2.Core\MDiceV2.Core.csproj]
C:\Users\Humulus.MSI\Documents\Mydata\Programming\MDiceV2\MDiceV2.Core\obj\Release\net10.0-windows\win-x64\Avalonia.Generators\Avalonia.Generators.NameGenerator.AvaloniaNameSourceGenerator\MDiceV2.Core.UI.Views.AdjustableConfigContainer.g.cs(44,54): warning CS0108: 鈥淎djustableConfigContainer.HelpTextBlock鈥濋殣钘忕户鎵跨殑鎴愬憳鈥淐onfigContainer.HelpTextBlock鈥濄€傚鏋滄槸鏈夋剰闅愯棌锛岃浣跨敤鍏抽敭瀛?new銆?[C:\Users\Humulus.MSI\Documents\Mydata\Programming\MDiceV2\MDiceV2.Core\MDiceV2.Core.csproj]
C:\Users\Humulus.MSI\Documents\Mydata\Programming\MDiceV2\MDiceV2.Core\obj\Release\net10.0-windows\win-x64\Avalonia.Generators\Avalonia.Generators.NameGenerator.AvaloniaNameSourceGenerator\MDiceV2.Core.UI.Views.AdjustableConfigContainer.g.cs(55,21): warning CS0108: 鈥淎djustableConfigContainer.InitializeComponent(bool)鈥濋殣钘忕户鎵跨殑鎴愬憳鈥淐onfigContainer.InitializeComponent(bool)鈥濄€傚鏋滄槸鏈夋剰闅愯棌锛岃浣跨敤鍏抽敭瀛?new銆?[C:\Users\Humulus.MSI\Documents\Mydata\Programming\MDiceV2\MDiceV2.Core\MDiceV2.Core.csproj]
C:\Users\Humulus.MSI\Documents\Mydata\Programming\MDiceV2\MDiceV2.Core\GameBattle\TurnManager.cs(44,24): warning CS8603: 鍙兘杩斿洖 null 寮曠敤銆?[C:\Users\Humulus.MSI\Documents\Mydata\Programming\MDiceV2\MDiceV2.Core\MDiceV2.Core.csproj]
C:\Users\Humulus.MSI\Documents\Mydata\Programming\MDiceV2\MDiceV2.Core\GameBattle\TurnManager.cs(49,24): warning CS8603: 鍙兘杩斿洖 null 寮曠敤銆?[C:\Users\Humulus.MSI\Documents\Mydata\Programming\MDiceV2\MDiceV2.Core\MDiceV2.Core.csproj]
C:\Users\Humulus.MSI\Documents\Mydata\Programming\MDiceV2\MDiceV2.Core\GameBattle\GameStateSnapshot.cs(12,23): warning CS8618: 鍦ㄩ€€鍑烘瀯閫犲嚱鏁版椂锛屼笉鍙负 null 鐨?灞炴€?"Player2Id" 蹇呴』鍖呭惈闈?null 鍊笺€傝鑰冭檻娣诲姞 "required" 淇グ绗︽垨灏嗚 灞炴€?澹版槑涓哄彲涓?null銆?[C:\Users\Humulus.MSI\Documents\Mydata\Programming\MDiceV2\MDiceV2.Core\MDiceV2.Core.csproj]
C:\Users\Humulus.MSI\Documents\Mydata\Programming\MDiceV2\MDiceV2.Core\GameBattle\GameStateSnapshot.cs(14,23): warning CS8618: 鍦ㄩ€€鍑烘瀯閫犲嚱鏁版椂锛屼笉鍙负 null 鐨?灞炴€?"CurrentWeather" 蹇呴』鍖呭惈闈?null 鍊笺€傝鑰冭檻娣诲姞 "required" 淇グ绗︽垨灏嗚 灞炴€?澹版槑涓哄彲涓?null銆?[C:\Users\Humulus.MSI\Documents\Mydata\Programming\MDiceV2\MDiceV2.Core\MDiceV2.Core.csproj]
C:\Users\Humulus.MSI\Documents\Mydata\Programming\MDiceV2\MDiceV2.Core\GameBattle\GameStateSnapshot.cs(19,29): warning CS8618: 鍦ㄩ€€鍑烘瀯閫犲嚱鏁版椂锛屼笉鍙负 null 鐨?灞炴€?"PendingCard" 蹇呴』鍖呭惈闈?null 鍊笺€傝鑰冭檻娣诲姞 "required" 淇グ绗︽垨灏嗚 灞炴€?澹版槑涓哄彲涓?null銆?[C:\Users\Humulus.MSI\Documents\Mydata\Programming\MDiceV2\MDiceV2.Core\MDiceV2.Core.csproj]
C:\Users\Humulus.MSI\Documents\Mydata\Programming\MDiceV2\MDiceV2.Core\GameBattle\GameStateSnapshot.cs(20,31): warning CS8618: 鍦ㄩ€€鍑烘瀯閫犲嚱鏁版椂锛屼笉鍙负 null 鐨?灞炴€?"Player1" 蹇呴』鍖呭惈闈?null 鍊笺€傝鑰冭檻娣诲姞 "required" 淇グ绗︽垨灏嗚 灞炴€?澹版槑涓哄彲涓?null銆?[C:\Users\Humulus.MSI\Documents\Mydata\Programming\MDiceV2\MDiceV2.Core\MDiceV2.Core.csproj]
C:\Users\Humulus.MSI\Documents\Mydata\Programming\MDiceV2\MDiceV2.Core\GameBattle\GameStateSnapshot.cs(21,31): warning CS8618: 鍦ㄩ€€鍑烘瀯閫犲嚱鏁版椂锛屼笉鍙负 null 鐨?灞炴€?"Player2" 蹇呴』鍖呭惈闈?null 鍊笺€傝鑰冭檻娣诲姞 "required" 淇グ绗︽垨灏嗚 灞炴€?澹版槑涓哄彲涓?null銆?[C:\Users\Humulus.MSI\Documents\Mydata\Programming\MDiceV2\MDiceV2.Core\MDiceV2.Core.csproj]
C:\Users\Humulus.MSI\Documents\Mydata\Programming\MDiceV2\MDiceV2.Core\GameBattle\GameStateSnapshot.cs(55,23): warning CS8618: 鍦ㄩ€€鍑烘瀯閫犲嚱鏁版椂锛屼笉鍙负 null 鐨?灞炴€?"Name" 蹇呴』鍖呭惈闈?null 鍊笺€傝鑰冭檻娣诲姞 "required" 淇グ绗︽垨灏嗚 灞炴€?澹版槑涓哄彲涓?null銆?[C:\Users\Humulus.MSI\Documents\Mydata\Programming\MDiceV2\MDiceV2.Core\MDiceV2.Core.csproj]
C:\Users\Humulus.MSI\Documents\Mydata\Programming\MDiceV2\MDiceV2.Core\GameBattle\GameStateSnapshot.cs(29,23): warning CS8618: 鍦ㄩ€€鍑烘瀯閫犲嚱鏁版椂锛屼笉鍙负 null 鐨?灞炴€?"Name" 蹇呴』鍖呭惈闈?null 鍊笺€傝鑰冭檻娣诲姞 "required" 淇グ绗︽垨灏嗚 灞炴€?澹版槑涓哄彲涓?null銆?[C:\Users\Humulus.MSI\Documents\Mydata\Programming\MDiceV2\MDiceV2.Core\MDiceV2.Core.csproj]
C:\Users\Humulus.MSI\Documents\Mydata\Programming\MDiceV2\MDiceV2.Core\GameBattle\GameStateSnapshot.cs(67,39): warning CS8603: 鍙兘杩斿洖 null 寮曠敤銆?[C:\Users\Humulus.MSI\Documents\Mydata\Programming\MDiceV2\MDiceV2.Core\MDiceV2.Core.csproj]
C:\Users\Humulus.MSI\Documents\Mydata\Programming\MDiceV2\MDiceV2.Core\GameBattle\GameStateSnapshot.cs(78,46): warning CS8604: 鈥淐ardSnapshot GameStateSnapshotMapper.ToCardSnapshot(Card card)鈥濅腑鐨勫舰鍙傗€渃ard鈥濆彲鑳戒紶鍏?null 寮曠敤瀹炲弬銆?[C:\Users\Humulus.MSI\Documents\Mydata\Programming\MDiceV2\MDiceV2.Core\MDiceV2.Core.csproj]
C:\Users\Humulus.MSI\Documents\Mydata\Programming\MDiceV2\MDiceV2.Core\GameBattle\GameStateSnapshot.cs(86,42): warning CS8603: 鍙兘杩斿洖 null 寮曠敤銆?[C:\Users\Humulus.MSI\Documents\Mydata\Programming\MDiceV2\MDiceV2.Core\MDiceV2.Core.csproj]
C:\Users\Humulus.MSI\Documents\Mydata\Programming\MDiceV2\MDiceV2.Core\GameBattle\GameStateSnapshot.cs(108,40): warning CS8603: 鍙兘杩斿洖 null 寮曠敤銆?[C:\Users\Humulus.MSI\Documents\Mydata\Programming\MDiceV2\MDiceV2.Core\MDiceV2.Core.csproj]
C:\Users\Humulus.MSI\Documents\Mydata\Programming\MDiceV2\MDiceV2.Core\GameBattle\GameStateSnapshot.cs(120,46): warning CS8604: 鈥淔ieldSnapshot GameStateSnapshotMapper.ToFieldSnapshot(Field field)鈥濅腑鐨勫舰鍙傗€渇ield鈥濆彲鑳戒紶鍏?null 寮曠敤瀹炲弬銆?[C:\Users\Humulus.MSI\Documents\Mydata\Programming\MDiceV2\MDiceV2.Core\MDiceV2.Core.csproj]
C:\Users\Humulus.MSI\Documents\Mydata\Programming\MDiceV2\MDiceV2.Core\GameBattle\GameStateSnapshot.cs(121,47): warning CS8604: 鈥淔ieldSnapshot GameStateSnapshotMapper.ToFieldSnapshot(Field field)鈥濅腑鐨勫舰鍙傗€渇ield鈥濆彲鑳戒紶鍏?null 寮曠敤瀹炲弬銆?[C:\Users\Humulus.MSI\Documents\Mydata\Programming\MDiceV2\MDiceV2.Core\MDiceV2.Core.csproj]
C:\Users\Humulus.MSI\Documents\Mydata\Programming\MDiceV2\MDiceV2.Core\GameBattle\GameStateSnapshot.cs(122,45): warning CS8604: 鈥淔ieldSnapshot GameStateSnapshotMapper.ToFieldSnapshot(Field field)鈥濅腑鐨勫舰鍙傗€渇ield鈥濆彲鑳戒紶鍏?null 寮曠敤瀹炲弬銆?[C:\Users\Humulus.MSI\Documents\Mydata\Programming\MDiceV2\MDiceV2.Core\MDiceV2.Core.csproj]
C:\Users\Humulus.MSI\Documents\Mydata\Programming\MDiceV2\MDiceV2.Core\GameBattle\GameStorage.cs(48,24): warning CS8603: 鍙兘杩斿洖 null 寮曠敤銆?[C:\Users\Humulus.MSI\Documents\Mydata\Programming\MDiceV2\MDiceV2.Core\MDiceV2.Core.csproj]
C:\Users\Humulus.MSI\Documents\Mydata\Programming\MDiceV2\MDiceV2.Core\GameBattle\GameStorage.cs(52,20): warning CS8603: 鍙兘杩斿洖 null 寮曠敤銆?[C:\Users\Humulus.MSI\Documents\Mydata\Programming\MDiceV2\MDiceV2.Core\MDiceV2.Core.csproj]
C:\Users\Humulus.MSI\Documents\Mydata\Programming\MDiceV2\MDiceV2.Core\Infrastructure\ConfigSyncServer.cs(478,41): warning CS8601: 鍙兘鐨?null 寮曠敤璧嬪€笺€?[C:\Users\Humulus.MSI\Documents\Mydata\Programming\MDiceV2\MDiceV2.Core\MDiceV2.Core.csproj]
C:\Users\Humulus.MSI\Documents\Mydata\Programming\MDiceV2\MDiceV2.Core\GameBattle\SkillTrigger.cs(52,23): warning CS8618: 鍦ㄩ€€鍑烘瀯閫犲嚱鏁版椂锛屼笉鍙负 null 鐨?灞炴€?"SkillId" 蹇呴』鍖呭惈闈?null 鍊笺€傝鑰冭檻娣诲姞 "required" 淇グ绗︽垨灏嗚 灞炴€?澹版槑涓哄彲涓?null銆?[C:\Users\Humulus.MSI\Documents\Mydata\Programming\MDiceV2\MDiceV2.Core\MDiceV2.Core.csproj]
C:\Users\Humulus.MSI\Documents\Mydata\Programming\MDiceV2\MDiceV2.Core\GameBattle\SkillTrigger.cs(57,23): warning CS8618: 鍦ㄩ€€鍑烘瀯閫犲嚱鏁版椂锛屼笉鍙负 null 鐨?灞炴€?"Name" 蹇呴』鍖呭惈闈?null 鍊笺€傝鑰冭檻娣诲姞 "required" 淇グ绗︽垨灏嗚 灞炴€?澹版槑涓哄彲涓?null銆?[C:\Users\Humulus.MSI\Documents\Mydata\Programming\MDiceV2\MDiceV2.Core\MDiceV2.Core.csproj]
C:\Users\Humulus.MSI\Documents\Mydata\Programming\MDiceV2\MDiceV2.Core\GameBattle\SkillTrigger.cs(62,23): warning CS8618: 鍦ㄩ€€鍑烘瀯閫犲嚱鏁版椂锛屼笉鍙负 null 鐨?灞炴€?"Description" 蹇呴』鍖呭惈闈?null 鍊笺€傝鑰冭檻娣诲姞 "required" 淇グ绗︽垨灏嗚 灞炴€?澹版槑涓哄彲涓?null銆?[C:\Users\Humulus.MSI\Documents\Mydata\Programming\MDiceV2\MDiceV2.Core\MDiceV2.Core.csproj]
C:\Users\Humulus.MSI\Documents\Mydata\Programming\MDiceV2\MDiceV2.Core\GameBattle\SkillTrigger.cs(72,23): warning CS8618: 鍦ㄩ€€鍑烘瀯閫犲嚱鏁版椂锛屼笉鍙负 null 鐨?灞炴€?"LuaFunctionName" 蹇呴』鍖呭惈闈?null 鍊笺€傝鑰冭檻娣诲姞 "required" 淇グ绗︽垨灏嗚 灞炴€?澹版槑涓哄彲涓?null銆?[C:\Users\Humulus.MSI\Documents\Mydata\Programming\MDiceV2\MDiceV2.Core\MDiceV2.Core.csproj]
C:\Users\Humulus.MSI\Documents\Mydata\Programming\MDiceV2\MDiceV2.Core\GameBattle\SkillTrigger.cs(82,23): warning CS8618: 鍦ㄩ€€鍑烘瀯閫犲嚱鏁版椂锛屼笉鍙负 null 鐨?灞炴€?"LuaScript" 蹇呴』鍖呭惈闈?null 鍊笺€傝鑰冭檻娣诲姞 "required" 淇グ绗︽垨灏嗚 灞炴€?澹版槑涓哄彲涓?null銆?[C:\Users\Humulus.MSI\Documents\Mydata\Programming\MDiceV2\MDiceV2.Core\MDiceV2.Core.csproj]
C:\Users\Humulus.MSI\Documents\Mydata\Programming\MDiceV2\MDiceV2.Core\GameBattle\GameLoader.cs(55,28): warning CS8603: 鍙兘杩斿洖 null 寮曠敤銆?[C:\Users\Humulus.MSI\Documents\Mydata\Programming\MDiceV2\MDiceV2.Core\MDiceV2.Core.csproj]
C:\Users\Humulus.MSI\Documents\Mydata\Programming\MDiceV2\MDiceV2.Core\GameBattle\GameLoader.cs(67,32): warning CS8603: 鍙兘杩斿洖 null 寮曠敤銆?[C:\Users\Humulus.MSI\Documents\Mydata\Programming\MDiceV2\MDiceV2.Core\MDiceV2.Core.csproj]
C:\Users\Humulus.MSI\Documents\Mydata\Programming\MDiceV2\MDiceV2.Core\GameBattle\GameLoader.cs(72,32): warning CS8603: 鍙兘杩斿洖 null 寮曠敤銆?[C:\Users\Humulus.MSI\Documents\Mydata\Programming\MDiceV2\MDiceV2.Core\MDiceV2.Core.csproj]
C:\Users\Humulus.MSI\Documents\Mydata\Programming\MDiceV2\MDiceV2.Core\Infrastructure\ConfigSyncServer.cs(484,45): warning CS8601: 鍙兘鐨?null 寮曠敤璧嬪€笺€?[C:\Users\Humulus.MSI\Documents\Mydata\Programming\MDiceV2\MDiceV2.Core\MDiceV2.Core.csproj]
C:\Users\Humulus.MSI\Documents\Mydata\Programming\MDiceV2\MDiceV2.Core\GameBattle\GameStateSnapshot.cs(128,42): warning CS8603: 鍙兘杩斿洖 null 寮曠敤銆?[C:\Users\Humulus.MSI\Documents\Mydata\Programming\MDiceV2\MDiceV2.Core\MDiceV2.Core.csproj]
C:\Users\Humulus.MSI\Documents\Mydata\Programming\MDiceV2\MDiceV2.Core\GameBattle\GameStateSnapshot.cs(142,34): warning CS8604: 鈥渧oid GameStateSnapshotMapper.RestoreField(Player player, Field field, FieldSnapshot snapshot)鈥濅腑鐨勫舰鍙傗€渇ield鈥濆彲鑳戒紶鍏?null 寮曠敤瀹炲弬銆?[C:\Users\Humulus.MSI\Documents\Mydata\Programming\MDiceV2\MDiceV2.Core\MDiceV2.Core.csproj]
C:\Users\Humulus.MSI\Documents\Mydata\Programming\MDiceV2\MDiceV2.Core\GameBattle\GameStateSnapshot.cs(143,34): warning CS8604: 鈥渧oid GameStateSnapshotMapper.RestoreField(Player player, Field field, FieldSnapshot snapshot)鈥濅腑鐨勫舰鍙傗€渇ield鈥濆彲鑳戒紶鍏?null 寮曠敤瀹炲弬銆?[C:\Users\Humulus.MSI\Documents\Mydata\Programming\MDiceV2\MDiceV2.Core\MDiceV2.Core.csproj]
C:\Users\Humulus.MSI\Documents\Mydata\Programming\MDiceV2\MDiceV2.Core\GameBattle\GameStateSnapshot.cs(144,34): warning CS8604: 鈥渧oid GameStateSnapshotMapper.RestoreField(Player player, Field field, FieldSnapshot snapshot)鈥濅腑鐨勫舰鍙傗€渇ield鈥濆彲鑳戒紶鍏?null 寮曠敤瀹炲弬銆?[C:\Users\Humulus.MSI\Documents\Mydata\Programming\MDiceV2\MDiceV2.Core\MDiceV2.Core.csproj]
C:\Users\Humulus.MSI\Documents\Mydata\Programming\MDiceV2\MDiceV2.Core\GameBattle\AIController.cs(92,47): warning CS8604: 鈥淟ist<string> AIController.PlaceCharacterRandomly(CharacterCard card)鈥濅腑鐨勫舰鍙傗€渃ard鈥濆彲鑳戒紶鍏?null 寮曠敤瀹炲弬銆?[C:\Users\Humulus.MSI\Documents\Mydata\Programming\MDiceV2\MDiceV2.Core\MDiceV2.Core.csproj]
C:\Users\Humulus.MSI\Documents\Mydata\Programming\MDiceV2\MDiceV2.Core\GameBattle\GameStorage.cs(63,20): warning CS8619: 绫诲瀷鈥淟ist<string?>鈥濈殑鍊间腑寮曠敤绫诲瀷鐨勪负 Null 鎬т笌鐩爣绫诲瀷鈥淟ist<string>鈥濅笉鍖归厤銆?[C:\Users\Humulus.MSI\Documents\Mydata\Programming\MDiceV2\MDiceV2.Core\MDiceV2.Core.csproj]
C:\Users\Humulus.MSI\Documents\Mydata\Programming\MDiceV2\MDiceV2.Core\GameBattle\GameStateSnapshot.cs(218,38): warning CS8603: 鍙兘杩斿洖 null 寮曠敤銆?[C:\Users\Humulus.MSI\Documents\Mydata\Programming\MDiceV2\MDiceV2.Core\MDiceV2.Core.csproj]
C:\Users\Humulus.MSI\Documents\Mydata\Programming\MDiceV2\MDiceV2.Core\GameBattle\GameStateSnapshot.cs(224,28): warning CS8601: 鍙兘鐨?null 寮曠敤璧嬪€笺€?[C:\Users\Humulus.MSI\Documents\Mydata\Programming\MDiceV2\MDiceV2.Core\MDiceV2.Core.csproj]
C:\Users\Humulus.MSI\Documents\Mydata\Programming\MDiceV2\MDiceV2.Core\GameBattle\GameStateSnapshot.cs(232,24): warning CS8601: 鍙兘鐨?null 寮曠敤璧嬪€笺€?[C:\Users\Humulus.MSI\Documents\Mydata\Programming\MDiceV2\MDiceV2.Core\MDiceV2.Core.csproj]
C:\Users\Humulus.MSI\Documents\Mydata\Programming\MDiceV2\MDiceV2.Core\Models\GlobalRandom.cs(22,46): warning CS8603: 鍙兘杩斿洖 null 寮曠敤銆?[C:\Users\Humulus.MSI\Documents\Mydata\Programming\MDiceV2\MDiceV2.Core\MDiceV2.Core.csproj]
C:\Users\Humulus.MSI\Documents\Mydata\Programming\MDiceV2\MDiceV2.Core\Infrastructure\LogBufferPool.cs(310,19): warning CS8618: 鍦ㄩ€€鍑烘瀯閫犲嚱鏁版椂锛屼笉鍙负 null 鐨?灞炴€?"ChannelName" 蹇呴』鍖呭惈闈?null 鍊笺€傝鑰冭檻娣诲姞 "required" 淇グ绗︽垨灏嗚 灞炴€?澹版槑涓哄彲涓?null銆?[C:\Users\Humulus.MSI\Documents\Mydata\Programming\MDiceV2\MDiceV2.Core\MDiceV2.Core.csproj]
C:\Users\Humulus.MSI\Documents\Mydata\Programming\MDiceV2\MDiceV2.Core\GameBattle\TurnManager.cs(178,77): warning CS8604: 鈥渟tring TurnManager.FormatCharacterInfo(Character character)鈥濅腑鐨勫舰鍙傗€渃haracter鈥濆彲鑳戒紶鍏?null 寮曠敤瀹炲弬銆?[C:\Users\Humulus.MSI\Documents\Mydata\Programming\MDiceV2\MDiceV2.Core\MDiceV2.Core.csproj]
C:\Users\Humulus.MSI\Documents\Mydata\Programming\MDiceV2\MDiceV2.Core\GameBattle\GameStateSnapshot.cs(239,42): warning CS8603: 鍙兘杩斿洖 null 寮曠敤銆?[C:\Users\Humulus.MSI\Documents\Mydata\Programming\MDiceV2\MDiceV2.Core\MDiceV2.Core.csproj]
C:\Users\Humulus.MSI\Documents\Mydata\Programming\MDiceV2\MDiceV2.Core\GameBattle\GameStateSnapshot.cs(247,28): warning CS8603: 鍙兘杩斿洖 null 寮曠敤銆?[C:\Users\Humulus.MSI\Documents\Mydata\Programming\MDiceV2\MDiceV2.Core\MDiceV2.Core.csproj]
C:\Users\Humulus.MSI\Documents\Mydata\Programming\MDiceV2\MDiceV2.Core\GameBattle\GameStateSnapshot.cs(263,28): warning CS8603: 鍙兘杩斿洖 null 寮曠敤銆?[C:\Users\Humulus.MSI\Documents\Mydata\Programming\MDiceV2\MDiceV2.Core\MDiceV2.Core.csproj]
C:\Users\Humulus.MSI\Documents\Mydata\Programming\MDiceV2\MDiceV2.Core\Infrastructure\ConfigSyncDispatcher.cs(63,41): warning CS8604: 鈥淭ask Func<string, string, Task>.Invoke(string arg1, string arg2)鈥濅腑鐨勫舰鍙傗€渁rg2鈥濆彲鑳戒紶鍏?null 寮曠敤瀹炲弬銆?[C:\Users\Humulus.MSI\Documents\Mydata\Programming\MDiceV2\MDiceV2.Core\MDiceV2.Core.csproj]
C:\Users\Humulus.MSI\Documents\Mydata\Programming\MDiceV2\MDiceV2.Core\Infrastructure\ConfigSyncDispatcher.cs(86,44): warning CS8604: 鈥淭ask Func<string, string, Task>.Invoke(string arg1, string arg2)鈥濅腑鐨勫舰鍙傗€渁rg2鈥濆彲鑳戒紶鍏?null 寮曠敤瀹炲弬銆?[C:\Users\Humulus.MSI\Documents\Mydata\Programming\MDiceV2\MDiceV2.Core\MDiceV2.Core.csproj]
C:\Users\Humulus.MSI\Documents\Mydata\Programming\MDiceV2\MDiceV2.Core\Infrastructure\LogBufferPool.cs(104,13): warning CS0618: 鈥淟ogBatcher.Enqueue(string)鈥濆凡杩囨椂:鈥滀娇鐢?EnqueueAsync 浠ｆ浛鈥?[C:\Users\Humulus.MSI\Documents\Mydata\Programming\MDiceV2\MDiceV2.Core\MDiceV2.Core.csproj]
C:\Users\Humulus.MSI\Documents\Mydata\Programming\MDiceV2\MDiceV2.Core\Infrastructure\LogBufferPool.cs(277,36): warning CS8618: 鍦ㄩ€€鍑烘瀯閫犲嚱鏁版椂锛屼笉鍙负 null 鐨?灞炴€?"ChannelStatistics" 蹇呴』鍖呭惈闈?null 鍊笺€傝鑰冭檻娣诲姞 "required" 淇グ绗︽垨灏嗚 灞炴€?澹版槑涓哄彲涓?null銆?[C:\Users\Humulus.MSI\Documents\Mydata\Programming\MDiceV2\MDiceV2.Core\MDiceV2.Core.csproj]
C:\Users\Humulus.MSI\Documents\Mydata\Programming\MDiceV2\MDiceV2.Core\GameBattle\GameLoader.cs(148,30): warning CS8714: 绫诲瀷鈥渟tring?鈥濅笉鑳界敤浣滄硾鍨嬬被鍨嬫垨鏂规硶鈥淓numerable.ToDictionary<TSource, TKey, TElement>(IEnumerable<TSource>, Func<TSource, TKey>, Func<TSource, TElement>)鈥濅腑鐨勭被鍨嬪弬鏁扳€淭Key鈥濄€傜被鍨嬪弬鏁扳€渟tring?鈥濈殑涓?Null 鎬т笌 "notnull" 绾︽潫涓嶅尮閰嶃€?[C:\Users\Humulus.MSI\Documents\Mydata\Programming\MDiceV2\MDiceV2.Core\MDiceV2.Core.csproj]
C:\Users\Humulus.MSI\Documents\Mydata\Programming\MDiceV2\MDiceV2.Core\GameBattle\GameLoader.cs(148,69): warning CS8621: 鈥渓ambda 琛ㄨ揪寮忊€濈殑杩斿洖绫诲瀷涓紩鐢ㄧ被鍨嬬殑涓?Null 鎬т笌鐩爣濮旀墭鈥淔unc<IGrouping<string?, Character>, string?>鈥濅笉鍖归厤(鍙兘鏄敱浜庝负 Null 鎬х壒鎬?銆?[C:\Users\Humulus.MSI\Documents\Mydata\Programming\MDiceV2\MDiceV2.Core\MDiceV2.Core.csproj]
C:\Users\Humulus.MSI\Documents\Mydata\Programming\MDiceV2\MDiceV2.Core\GameBattle\TurnManager.cs(227,44): warning CS8604: 鈥渂ool Player.AddCharacterToField(Character character, FieldType fieldType)鈥濅腑鐨勫舰鍙傗€渃haracter鈥濆彲鑳戒紶鍏?null 寮曠敤瀹炲弬銆?[C:\Users\Humulus.MSI\Documents\Mydata\Programming\MDiceV2\MDiceV2.Core\MDiceV2.Core.csproj]
C:\Users\Humulus.MSI\Documents\Mydata\Programming\MDiceV2\MDiceV2.Core\Models\GlobalMessageQueue.cs(152,65): warning CS8604: 鈥渧oid Action<object>.Invoke(object obj)鈥濅腑鐨勫舰鍙傗€渙bj鈥濆彲鑳戒紶鍏?null 寮曠敤瀹炲弬銆?[C:\Users\Humulus.MSI\Documents\Mydata\Programming\MDiceV2\MDiceV2.Core\MDiceV2.Core.csproj]
C:\Users\Humulus.MSI\Documents\Mydata\Programming\MDiceV2\MDiceV2.Core\Models\GlobalMessageQueue.cs(43,38): warning CS8618: 鍦ㄩ€€鍑烘瀯閫犲嚱鏁版椂锛屼笉鍙负 null 鐨?灞炴€?"Instance" 蹇呴』鍖呭惈闈?null 鍊笺€傝鑰冭檻娣诲姞 "required" 淇グ绗︽垨灏嗚 灞炴€?澹版槑涓哄彲涓?null銆?[C:\Users\Humulus.MSI\Documents\Mydata\Programming\MDiceV2\MDiceV2.Core\MDiceV2.Core.csproj]
C:\Users\Humulus.MSI\Documents\Mydata\Programming\MDiceV2\MDiceV2.Core\Infrastructure\GrpcConfigSyncClient.cs(307,26): warning CS0168: 澹版槑浜嗗彉閲忊€渆x鈥濓紝浣嗕粠鏈娇鐢ㄨ繃 [C:\Users\Humulus.MSI\Documents\Mydata\Programming\MDiceV2\MDiceV2.Core\MDiceV2.Core.csproj]
C:\Users\Humulus.MSI\Documents\Mydata\Programming\MDiceV2\MDiceV2.Core\UI\Views\ConfigContainer.axaml.cs(275,54): warning CS0253: 鍙兘闈炴湁鎰忕殑寮曠敤姣旇緝锛涜嫢瑕佽幏鍙栧€兼瘮杈冿紝璇峰皢鍙宠竟杞崲涓虹被鍨嬧€渟tring鈥?[C:\Users\Humulus.MSI\Documents\Mydata\Programming\MDiceV2\MDiceV2.Core\MDiceV2.Core.csproj]
C:\Users\Humulus.MSI\Documents\Mydata\Programming\MDiceV2\MDiceV2.Core\GameBattle\GameLoader.cs(371,53): warning CS8604: 鈥渂ool Dictionary<string, Character>.ContainsKey(string key)鈥濅腑鐨勫舰鍙傗€渒ey鈥濆彲鑳戒紶鍏?null 寮曠敤瀹炲弬銆?[C:\Users\Humulus.MSI\Documents\Mydata\Programming\MDiceV2\MDiceV2.Core\MDiceV2.Core.csproj]
C:\Users\Humulus.MSI\Documents\Mydata\Programming\MDiceV2\MDiceV2.Core\GameBattle\GameLoader.cs(505,52): warning CS8604: 鈥渂ool Dictionary<string, LuaSkill>.TryGetValue(string key, out LuaSkill value)鈥濅腑鐨勫舰鍙傗€渒ey鈥濆彲鑳戒紶鍏?null 寮曠敤瀹炲弬銆?[C:\Users\Humulus.MSI\Documents\Mydata\Programming\MDiceV2\MDiceV2.Core\MDiceV2.Core.csproj]
C:\Users\Humulus.MSI\Documents\Mydata\Programming\MDiceV2\MDiceV2.Core\GameBattle\GameLoader.cs(516,39): warning CS8604: 鈥淪pecialCard Dictionary<string, SpecialCard>.this[string key]鈥濅腑鐨勫舰鍙傗€渒ey鈥濆彲鑳戒紶鍏?null 寮曠敤瀹炲弬銆?[C:\Users\Humulus.MSI\Documents\Mydata\Programming\MDiceV2\MDiceV2.Core\MDiceV2.Core.csproj]
C:\Users\Humulus.MSI\Documents\Mydata\Programming\MDiceV2\MDiceV2.Core\GameBattle\GameLoader.cs(664,42): warning CS8601: 鍙兘鐨?null 寮曠敤璧嬪€笺€?[C:\Users\Humulus.MSI\Documents\Mydata\Programming\MDiceV2\MDiceV2.Core\MDiceV2.Core.csproj]
C:\Users\Humulus.MSI\Documents\Mydata\Programming\MDiceV2\MDiceV2.Core\GameBattle\TurnManager.cs(771,24): warning CS8603: 鍙兘杩斿洖 null 寮曠敤銆?[C:\Users\Humulus.MSI\Documents\Mydata\Programming\MDiceV2\MDiceV2.Core\MDiceV2.Core.csproj]
C:\Users\Humulus.MSI\Documents\Mydata\Programming\MDiceV2\MDiceV2.Core\GameBattle\GameLoader.cs(823,48): warning CS8604: 鈥渂ool Dictionary<string, LuaSkill>.TryGetValue(string key, out LuaSkill value)鈥濅腑鐨勫舰鍙傗€渒ey鈥濆彲鑳戒紶鍏?null 寮曠敤瀹炲弬銆?[C:\Users\Humulus.MSI\Documents\Mydata\Programming\MDiceV2\MDiceV2.Core\MDiceV2.Core.csproj]
C:\Users\Humulus.MSI\Documents\Mydata\Programming\MDiceV2\MDiceV2.Core\GameBattle\GameLoader.cs(843,48): warning CS8604: 鈥渂ool Dictionary<string, LuaSkill>.TryGetValue(string key, out LuaSkill value)鈥濅腑鐨勫舰鍙傗€渒ey鈥濆彲鑳戒紶鍏?null 寮曠敤瀹炲弬銆?[C:\Users\Humulus.MSI\Documents\Mydata\Programming\MDiceV2\MDiceV2.Core\MDiceV2.Core.csproj]
C:\Users\Humulus.MSI\Documents\Mydata\Programming\MDiceV2\MDiceV2.Core\GameBattle\GameLoader.cs(978,29): warning CS8600: 灏?null 鏂囨湰鎴栧彲鑳界殑 null 鍊艰浆鎹负涓嶅彲涓?null 绫诲瀷銆?[C:\Users\Humulus.MSI\Documents\Mydata\Programming\MDiceV2\MDiceV2.Core\MDiceV2.Core.csproj]
C:\Users\Humulus.MSI\Documents\Mydata\Programming\MDiceV2\MDiceV2.Core\GameBattle\GameLoader.cs(981,38): warning CS8601: 鍙兘鐨?null 寮曠敤璧嬪€笺€?[C:\Users\Humulus.MSI\Documents\Mydata\Programming\MDiceV2\MDiceV2.Core\MDiceV2.Core.csproj]
C:\Users\Humulus.MSI\Documents\Mydata\Programming\MDiceV2\MDiceV2.Core\Models\MessageDistribution.cs(1287,58): warning CS8601: 鍙兘鐨?null 寮曠敤璧嬪€笺€?[C:\Users\Humulus.MSI\Documents\Mydata\Programming\MDiceV2\MDiceV2.Core\MDiceV2.Core.csproj]
C:\Users\Humulus.MSI\Documents\Mydata\Programming\MDiceV2\MDiceV2.Core\Models\MessageDistribution.cs(1328,16): warning CS8603: 鍙兘杩斿洖 null 寮曠敤銆?[C:\Users\Humulus.MSI\Documents\Mydata\Programming\MDiceV2\MDiceV2.Core\MDiceV2.Core.csproj]
C:\Users\Humulus.MSI\Documents\Mydata\Programming\MDiceV2\MDiceV2.Core\UI\ViewModels\MainViewModel.cs(2759,48): warning CS0618: 鈥淢essageProcessor.GetInstance()鈥濆凡杩囨椂:鈥滃簲浣跨敤渚濊禆娉ㄥ叆鑰岄潪GetInstance()鈥?[C:\Users\Humulus.MSI\Documents\Mydata\Programming\MDiceV2\MDiceV2.Core\MDiceV2.Core.csproj]
C:\Users\Humulus.MSI\Documents\Mydata\Programming\MDiceV2\MDiceV2.Core\UI\ViewModels\MainViewModel.cs(2912,36): warning CS0618: 鈥淢essageProcessor.GetInstance()鈥濆凡杩囨椂:鈥滃簲浣跨敤渚濊禆娉ㄥ叆鑰岄潪GetInstance()鈥?[C:\Users\Humulus.MSI\Documents\Mydata\Programming\MDiceV2\MDiceV2.Core\MDiceV2.Core.csproj]
C:\Users\Humulus.MSI\Documents\Mydata\Programming\MDiceV2\MDiceV2.Core\UI\ViewModels\MainViewModel.cs(3168,36): warning CS0618: 鈥淢essageProcessor.GetInstance()鈥濆凡杩囨椂:鈥滃簲浣跨敤渚濊禆娉ㄥ叆鑰岄潪GetInstance()鈥?[C:\Users\Humulus.MSI\Documents\Mydata\Programming\MDiceV2\MDiceV2.Core\MDiceV2.Core.csproj]
C:\Users\Humulus.MSI\Documents\Mydata\Programming\MDiceV2\MDiceV2.Core\Infrastructure\ServiceBootstrapper.cs(494,58): warning CS0067: 浠庝笉浣跨敤浜嬩欢鈥淕rpcProxyChannel.OnMessageReceived鈥?[C:\Users\Humulus.MSI\Documents\Mydata\Programming\MDiceV2\MDiceV2.Core\MDiceV2.Core.csproj]
C:\Users\Humulus.MSI\Documents\Mydata\Programming\MDiceV2\MDiceV2.Core\UI\App.cs(146,36): warning IL3000: 'System.Reflection.Assembly.Location.get' always returns an empty string for assemblies embedded in a single-file app. If the path to the app directory is needed, consider calling 'System.AppContext.BaseDirectory'. [C:\Users\Humulus.MSI\Documents\Mydata\Programming\MDiceV2\MDiceV2.Core\MDiceV2.Core.csproj]
C:\Users\Humulus.MSI\Documents\Mydata\Programming\MDiceV2\MDiceV2.Core\UI\ViewModels\MainViewModel.cs(897,21): warning IL3000: 'System.Reflection.Assembly.Location.get' always returns an empty string for assemblies embedded in a single-file app. If the path to the app directory is needed, consider calling 'System.AppContext.BaseDirectory'. [C:\Users\Humulus.MSI\Documents\Mydata\Programming\MDiceV2\MDiceV2.Core\MDiceV2.Core.csproj]
  MDiceV2.Core -> C:\Users\Humulus.MSI\Documents\Mydata\Programming\MDiceV2\MDiceV2.Core\bin\Release\net10.0-windows\win-x64\MDiceV2.Core.dll
  Generated version 0.2.5.4121 (info: 0.2.5.4121-beta) -> obj\Release\net10.0-windows\win-x64\GeneratedVersion.g.cs
  MDiceV2.Launcher -> C:\Users\Humulus.MSI\Documents\Mydata\Programming\MDiceV2\MDiceV2.Launcher\bin\Release\net10.0-windows\win-x64\MDiceV2.Launcher.dll
  MDiceV2.Launcher -> C:\Users\Humulus.MSI\Documents\Mydata\Programming\MDiceV2\MDiceV2_Published\
Publishing Console to root...
  Generated version 0.2.5.4122 (info: 0.2.5.4122-beta) -> obj\Release\net10.0-windows\GeneratedVersion.g.cs
  Generated version 0.2.5.4123 (info: 0.2.5.4123-beta) -> obj\Release\net9.0\GeneratedVersion.g.cs
  MDiceV2.Interfaces -> C:\Users\Humulus.MSI\Documents\Mydata\Programming\MDiceV2\MDiceV2.Interfaces\bin\Release\net10.0-windows\MDiceV2.Interfaces.dll
  MDiceV2.Abstractions -> C:\Users\Humulus.MSI\Documents\Mydata\Programming\MDiceV2\MDiceV2.Abstractions\bin\Release\net9.0\MDiceV2.Abstractions.dll
  Generated version 0.2.5.4124 (info: 0.2.5.4124-beta) -> obj\Release\net10.0-windows\win-x64\GeneratedVersion.g.cs
C:\Users\Humulus.MSI\Documents\Mydata\Programming\MDiceV2\MDiceV2.Core\obj\Release\net10.0-windows\win-x64\Avalonia.Generators\Avalonia.Generators.NameGenerator.AvaloniaNameSourceGenerator\MDiceV2.Core.UI.Views.AdjustableConfigContainer.g.cs(12,51): warning CS0108: 鈥淎djustableConfigContainer.Title鈥濋殣钘忕户鎵跨殑鎴愬憳鈥淐onfigContainer.Title鈥濄€傚鏋滄槸鏈夋剰闅愯棌锛岃浣跨敤鍏抽敭瀛?new銆?[C:\Users\Humulus.MSI\Documents\Mydata\Programming\MDiceV2\MDiceV2.Core\MDiceV2.Core.csproj]
C:\Users\Humulus.MSI\Documents\Mydata\Programming\MDiceV2\MDiceV2.Core\obj\Release\net10.0-windows\win-x64\Avalonia.Generators\Avalonia.Generators.NameGenerator.AvaloniaNameSourceGenerator\MDiceV2.Core.UI.Views.AdjustableConfigContainer.g.cs(14,51): warning CS0108: 鈥淎djustableConfigContainer.SearchButton鈥濋殣钘忕户鎵跨殑鎴愬憳鈥淐onfigContainer.SearchButton鈥濄€傚鏋滄槸鏈夋剰闅愯棌锛岃浣跨敤鍏抽敭瀛?new銆?[C:\Users\Humulus.MSI\Documents\Mydata\Programming\MDiceV2\MDiceV2.Core\MDiceV2.Core.csproj]
C:\Users\Humulus.MSI\Documents\Mydata\Programming\MDiceV2\MDiceV2.Core\obj\Release\net10.0-windows\win-x64\Avalonia.Generators\Avalonia.Generators.NameGenerator.AvaloniaNameSourceGenerator\MDiceV2.Core.UI.Views.AdjustableConfigContainer.g.cs(18,51): warning CS0108: 鈥淎djustableConfigContainer.HelpButton鈥濋殣钘忕户鎵跨殑鎴愬憳鈥淐onfigContainer.HelpButton鈥濄€傚鏋滄槸鏈夋剰闅愯棌锛岃浣跨敤鍏抽敭瀛?new銆?[C:\Users\Humulus.MSI\Documents\Mydata\Programming\MDiceV2\MDiceV2.Core\MDiceV2.Core.csproj]
C:\Users\Humulus.MSI\Documents\Mydata\Programming\MDiceV2\MDiceV2.Core\obj\Release\net10.0-windows\win-x64\Avalonia.Generators\Avalonia.Generators.NameGenerator.AvaloniaNameSourceGenerator\MDiceV2.Core.UI.Views.AdjustableConfigContainer.g.cs(20,51): warning CS0108: 鈥淎djustableConfigContainer.SearchPanel鈥濋殣钘忕户鎵跨殑鎴愬憳鈥淐onfigContainer.SearchPanel鈥濄€傚鏋滄槸鏈夋剰闅愯棌锛岃浣跨敤鍏抽敭瀛?new銆?[C:\Users\Humulus.MSI\Documents\Mydata\Programming\MDiceV2\MDiceV2.Core\MDiceV2.Core.csproj]
C:\Users\Humulus.MSI\Documents\Mydata\Programming\MDiceV2\MDiceV2.Core\obj\Release\net10.0-windows\win-x64\Avalonia.Generators\Avalonia.Generators.NameGenerator.AvaloniaNameSourceGenerator\MDiceV2.Core.UI.Views.AdjustableConfigContainer.g.cs(22,51): warning CS0108: 鈥淎djustableConfigContainer.FillArea鈥濋殣钘忕户鎵跨殑鎴愬憳鈥淐onfigContainer.FillArea鈥濄€傚鏋滄槸鏈夋剰闅愯棌锛岃浣跨敤鍏抽敭瀛?new銆?[C:\Users\Humulus.MSI\Documents\Mydata\Programming\MDiceV2\MDiceV2.Core\MDiceV2.Core.csproj]
C:\Users\Humulus.MSI\Documents\Mydata\Programming\MDiceV2\MDiceV2.Core\obj\Release\net10.0-windows\win-x64\Avalonia.Generators\Avalonia.Generators.NameGenerator.AvaloniaNameSourceGenerator\MDiceV2.Core.UI.Views.AdjustableConfigContainer.g.cs(24,49): warning CS0108: 鈥淎djustableConfigContainer.SearchControls鈥濋殣钘忕户鎵跨殑鎴愬憳鈥淐onfigContainer.SearchControls鈥濄€傚鏋滄槸鏈夋剰闅愯棌锛岃浣跨敤鍏抽敭瀛?new銆?[C:\Users\Humulus.MSI\Documents\Mydata\Programming\MDiceV2\MDiceV2.Core\MDiceV2.Core.csproj]
C:\Users\Humulus.MSI\Documents\Mydata\Programming\MDiceV2\MDiceV2.Core\obj\Release\net10.0-windows\win-x64\Avalonia.Generators\Avalonia.Generators.NameGenerator.AvaloniaNameSourceGenerator\MDiceV2.Core.UI.Views.AdjustableConfigContainer.g.cs(38,51): warning CS0108: 鈥淎djustableConfigContainer.HelpPanel鈥濋殣钘忕户鎵跨殑鎴愬憳鈥淐onfigContainer.HelpPanel鈥濄€傚鏋滄槸鏈夋剰闅愯棌锛岃浣跨敤鍏抽敭瀛?new銆?[C:\Users\Humulus.MSI\Documents\Mydata\Programming\MDiceV2\MDiceV2.Core\MDiceV2.Core.csproj]
C:\Users\Humulus.MSI\Documents\Mydata\Programming\MDiceV2\MDiceV2.Core\obj\Release\net10.0-windows\win-x64\Avalonia.Generators\Avalonia.Generators.NameGenerator.AvaloniaNameSourceGenerator\MDiceV2.Core.UI.Views.AdjustableConfigContainer.g.cs(40,51): warning CS0108: 鈥淎djustableConfigContainer.HelpFillArea鈥濋殣钘忕户鎵跨殑鎴愬憳鈥淐onfigContainer.HelpFillArea鈥濄€傚鏋滄槸鏈夋剰闅愯棌锛岃浣跨敤鍏抽敭瀛?new銆?[C:\Users\Humulus.MSI\Documents\Mydata\Programming\MDiceV2\MDiceV2.Core\MDiceV2.Core.csproj]
C:\Users\Humulus.MSI\Documents\Mydata\Programming\MDiceV2\MDiceV2.Core\obj\Release\net10.0-windows\win-x64\Avalonia.Generators\Avalonia.Generators.NameGenerator.AvaloniaNameSourceGenerator\MDiceV2.Core.UI.Views.AdjustableConfigContainer.g.cs(42,49): warning CS0108: 鈥淎djustableConfigContainer.HelpContent鈥濋殣钘忕户鎵跨殑鎴愬憳鈥淐onfigContainer.HelpContent鈥濄€傚鏋滄槸鏈夋剰闅愯棌锛岃浣跨敤鍏抽敭瀛?new銆?[C:\Users\Humulus.MSI\Documents\Mydata\Programming\MDiceV2\MDiceV2.Core\MDiceV2.Core.csproj]
C:\Users\Humulus.MSI\Documents\Mydata\Programming\MDiceV2\MDiceV2.Core\obj\Release\net10.0-windows\win-x64\Avalonia.Generators\Avalonia.Generators.NameGenerator.AvaloniaNameSourceGenerator\MDiceV2.Core.UI.Views.AdjustableConfigContainer.g.cs(44,54): warning CS0108: 鈥淎djustableConfigContainer.HelpTextBlock鈥濋殣钘忕户鎵跨殑鎴愬憳鈥淐onfigContainer.HelpTextBlock鈥濄€傚鏋滄槸鏈夋剰闅愯棌锛岃浣跨敤鍏抽敭瀛?new銆?[C:\Users\Humulus.MSI\Documents\Mydata\Programming\MDiceV2\MDiceV2.Core\MDiceV2.Core.csproj]
C:\Users\Humulus.MSI\Documents\Mydata\Programming\MDiceV2\MDiceV2.Core\obj\Release\net10.0-windows\win-x64\Avalonia.Generators\Avalonia.Generators.NameGenerator.AvaloniaNameSourceGenerator\MDiceV2.Core.UI.Views.AdjustableConfigContainer.g.cs(55,21): warning CS0108: 鈥淎djustableConfigContainer.InitializeComponent(bool)鈥濋殣钘忕户鎵跨殑鎴愬憳鈥淐onfigContainer.InitializeComponent(bool)鈥濄€傚鏋滄槸鏈夋剰闅愯棌锛岃浣跨敤鍏抽敭瀛?new銆?[C:\Users\Humulus.MSI\Documents\Mydata\Programming\MDiceV2\MDiceV2.Core\MDiceV2.Core.csproj]
C:\Users\Humulus.MSI\Documents\Mydata\Programming\MDiceV2\MDiceV2.Core\GameBattle\TurnManager.cs(44,24): warning CS8603: 鍙兘杩斿洖 null 寮曠敤銆?[C:\Users\Humulus.MSI\Documents\Mydata\Programming\MDiceV2\MDiceV2.Core\MDiceV2.Core.csproj]
C:\Users\Humulus.MSI\Documents\Mydata\Programming\MDiceV2\MDiceV2.Core\GameBattle\TurnManager.cs(49,24): warning CS8603: 鍙兘杩斿洖 null 寮曠敤銆?[C:\Users\Humulus.MSI\Documents\Mydata\Programming\MDiceV2\MDiceV2.Core\MDiceV2.Core.csproj]
C:\Users\Humulus.MSI\Documents\Mydata\Programming\MDiceV2\MDiceV2.Core\Infrastructure\ConfigSyncServer.cs(478,41): warning CS8601: 鍙兘鐨?null 寮曠敤璧嬪€笺€?[C:\Users\Humulus.MSI\Documents\Mydata\Programming\MDiceV2\MDiceV2.Core\MDiceV2.Core.csproj]
C:\Users\Humulus.MSI\Documents\Mydata\Programming\MDiceV2\MDiceV2.Core\Infrastructure\ConfigSyncServer.cs(484,45): warning CS8601: 鍙兘鐨?null 寮曠敤璧嬪€笺€?[C:\Users\Humulus.MSI\Documents\Mydata\Programming\MDiceV2\MDiceV2.Core\MDiceV2.Core.csproj]
C:\Users\Humulus.MSI\Documents\Mydata\Programming\MDiceV2\MDiceV2.Core\GameBattle\AIController.cs(92,47): warning CS8604: 鈥淟ist<string> AIController.PlaceCharacterRandomly(CharacterCard card)鈥濅腑鐨勫舰鍙傗€渃ard鈥濆彲鑳戒紶鍏?null 寮曠敤瀹炲弬銆?[C:\Users\Humulus.MSI\Documents\Mydata\Programming\MDiceV2\MDiceV2.Core\MDiceV2.Core.csproj]
C:\Users\Humulus.MSI\Documents\Mydata\Programming\MDiceV2\MDiceV2.Core\Models\GlobalRandom.cs(22,46): warning CS8603: 鍙兘杩斿洖 null 寮曠敤銆?[C:\Users\Humulus.MSI\Documents\Mydata\Programming\MDiceV2\MDiceV2.Core\MDiceV2.Core.csproj]
C:\Users\Humulus.MSI\Documents\Mydata\Programming\MDiceV2\MDiceV2.Core\GameBattle\TurnManager.cs(178,77): warning CS8604: 鈥渟tring TurnManager.FormatCharacterInfo(Character character)鈥濅腑鐨勫舰鍙傗€渃haracter鈥濆彲鑳戒紶鍏?null 寮曠敤瀹炲弬銆?[C:\Users\Humulus.MSI\Documents\Mydata\Programming\MDiceV2\MDiceV2.Core\MDiceV2.Core.csproj]
C:\Users\Humulus.MSI\Documents\Mydata\Programming\MDiceV2\MDiceV2.Core\Infrastructure\ConfigSyncDispatcher.cs(63,41): warning CS8604: 鈥淭ask Func<string, string, Task>.Invoke(string arg1, string arg2)鈥濅腑鐨勫舰鍙傗€渁rg2鈥濆彲鑳戒紶鍏?null 寮曠敤瀹炲弬銆?[C:\Users\Humulus.MSI\Documents\Mydata\Programming\MDiceV2\MDiceV2.Core\MDiceV2.Core.csproj]
C:\Users\Humulus.MSI\Documents\Mydata\Programming\MDiceV2\MDiceV2.Core\Infrastructure\ConfigSyncDispatcher.cs(86,44): warning CS8604: 鈥淭ask Func<string, string, Task>.Invoke(string arg1, string arg2)鈥濅腑鐨勫舰鍙傗€渁rg2鈥濆彲鑳戒紶鍏?null 寮曠敤瀹炲弬銆?[C:\Users\Humulus.MSI\Documents\Mydata\Programming\MDiceV2\MDiceV2.Core\MDiceV2.Core.csproj]
C:\Users\Humulus.MSI\Documents\Mydata\Programming\MDiceV2\MDiceV2.Core\Models\GlobalMessageQueue.cs(152,65): warning CS8604: 鈥渧oid Action<object>.Invoke(object obj)鈥濅腑鐨勫舰鍙傗€渙bj鈥濆彲鑳戒紶鍏?null 寮曠敤瀹炲弬銆?[C:\Users\Humulus.MSI\Documents\Mydata\Programming\MDiceV2\MDiceV2.Core\MDiceV2.Core.csproj]
C:\Users\Humulus.MSI\Documents\Mydata\Programming\MDiceV2\MDiceV2.Core\GameBattle\TurnManager.cs(227,44): warning CS8604: 鈥渂ool Player.AddCharacterToField(Character character, FieldType fieldType)鈥濅腑鐨勫舰鍙傗€渃haracter鈥濆彲鑳戒紶鍏?null 寮曠敤瀹炲弬銆?[C:\Users\Humulus.MSI\Documents\Mydata\Programming\MDiceV2\MDiceV2.Core\MDiceV2.Core.csproj]
C:\Users\Humulus.MSI\Documents\Mydata\Programming\MDiceV2\MDiceV2.Core\Models\GlobalMessageQueue.cs(43,38): warning CS8618: 鍦ㄩ€€鍑烘瀯閫犲嚱鏁版椂锛屼笉鍙负 null 鐨?灞炴€?"Instance" 蹇呴』鍖呭惈闈?null 鍊笺€傝鑰冭檻娣诲姞 "required" 淇グ绗︽垨灏嗚 灞炴€?澹版槑涓哄彲涓?null銆?[C:\Users\Humulus.MSI\Documents\Mydata\Programming\MDiceV2\MDiceV2.Core\MDiceV2.Core.csproj]
C:\Users\Humulus.MSI\Documents\Mydata\Programming\MDiceV2\MDiceV2.Core\UI\Views\ConfigContainer.axaml.cs(275,54): warning CS0253: 鍙兘闈炴湁鎰忕殑寮曠敤姣旇緝锛涜嫢瑕佽幏鍙栧€兼瘮杈冿紝璇峰皢鍙宠竟杞崲涓虹被鍨嬧€渟tring鈥?[C:\Users\Humulus.MSI\Documents\Mydata\Programming\MDiceV2\MDiceV2.Core\MDiceV2.Core.csproj]
C:\Users\Humulus.MSI\Documents\Mydata\Programming\MDiceV2\MDiceV2.Core\GameBattle\GameStateSnapshot.cs(12,23): warning CS8618: 鍦ㄩ€€鍑烘瀯閫犲嚱鏁版椂锛屼笉鍙负 null 鐨?灞炴€?"Player2Id" 蹇呴』鍖呭惈闈?null 鍊笺€傝鑰冭檻娣诲姞 "required" 淇グ绗︽垨灏嗚 灞炴€?澹版槑涓哄彲涓?null銆?[C:\Users\Humulus.MSI\Documents\Mydata\Programming\MDiceV2\MDiceV2.Core\MDiceV2.Core.csproj]
C:\Users\Humulus.MSI\Documents\Mydata\Programming\MDiceV2\MDiceV2.Core\GameBattle\GameStateSnapshot.cs(14,23): warning CS8618: 鍦ㄩ€€鍑烘瀯閫犲嚱鏁版椂锛屼笉鍙负 null 鐨?灞炴€?"CurrentWeather" 蹇呴』鍖呭惈闈?null 鍊笺€傝鑰冭檻娣诲姞 "required" 淇グ绗︽垨灏嗚 灞炴€?澹版槑涓哄彲涓?null銆?[C:\Users\Humulus.MSI\Documents\Mydata\Programming\MDiceV2\MDiceV2.Core\MDiceV2.Core.csproj]
C:\Users\Humulus.MSI\Documents\Mydata\Programming\MDiceV2\MDiceV2.Core\GameBattle\GameStateSnapshot.cs(19,29): warning CS8618: 鍦ㄩ€€鍑烘瀯閫犲嚱鏁版椂锛屼笉鍙负 null 鐨?灞炴€?"PendingCard" 蹇呴』鍖呭惈闈?null 鍊笺€傝鑰冭檻娣诲姞 "required" 淇グ绗︽垨灏嗚 灞炴€?澹版槑涓哄彲涓?null銆?[C:\Users\Humulus.MSI\Documents\Mydata\Programming\MDiceV2\MDiceV2.Core\MDiceV2.Core.csproj]
C:\Users\Humulus.MSI\Documents\Mydata\Programming\MDiceV2\MDiceV2.Core\GameBattle\GameStateSnapshot.cs(20,31): warning CS8618: 鍦ㄩ€€鍑烘瀯閫犲嚱鏁版椂锛屼笉鍙负 null 鐨?灞炴€?"Player1" 蹇呴』鍖呭惈闈?null 鍊笺€傝鑰冭檻娣诲姞 "required" 淇グ绗︽垨灏嗚 灞炴€?澹版槑涓哄彲涓?null銆?[C:\Users\Humulus.MSI\Documents\Mydata\Programming\MDiceV2\MDiceV2.Core\MDiceV2.Core.csproj]
C:\Users\Humulus.MSI\Documents\Mydata\Programming\MDiceV2\MDiceV2.Core\GameBattle\GameStateSnapshot.cs(21,31): warning CS8618: 鍦ㄩ€€鍑烘瀯閫犲嚱鏁版椂锛屼笉鍙负 null 鐨?灞炴€?"Player2" 蹇呴』鍖呭惈闈?null 鍊笺€傝鑰冭檻娣诲姞 "required" 淇グ绗︽垨灏嗚 灞炴€?澹版槑涓哄彲涓?null銆?[C:\Users\Humulus.MSI\Documents\Mydata\Programming\MDiceV2\MDiceV2.Core\MDiceV2.Core.csproj]
C:\Users\Humulus.MSI\Documents\Mydata\Programming\MDiceV2\MDiceV2.Core\GameBattle\GameStateSnapshot.cs(29,23): warning CS8618: 鍦ㄩ€€鍑烘瀯閫犲嚱鏁版椂锛屼笉鍙负 null 鐨?灞炴€?"Name" 蹇呴』鍖呭惈闈?null 鍊笺€傝鑰冭檻娣诲姞 "required" 淇グ绗︽垨灏嗚 灞炴€?澹版槑涓哄彲涓?null銆?[C:\Users\Humulus.MSI\Documents\Mydata\Programming\MDiceV2\MDiceV2.Core\MDiceV2.Core.csproj]
C:\Users\Humulus.MSI\Documents\Mydata\Programming\MDiceV2\MDiceV2.Core\GameBattle\GameStateSnapshot.cs(55,23): warning CS8618: 鍦ㄩ€€鍑烘瀯閫犲嚱鏁版椂锛屼笉鍙负 null 鐨?灞炴€?"Name" 蹇呴』鍖呭惈闈?null 鍊笺€傝鑰冭檻娣诲姞 "required" 淇グ绗︽垨灏嗚 灞炴€?澹版槑涓哄彲涓?null銆?[C:\Users\Humulus.MSI\Documents\Mydata\Programming\MDiceV2\MDiceV2.Core\MDiceV2.Core.csproj]
C:\Users\Humulus.MSI\Documents\Mydata\Programming\MDiceV2\MDiceV2.Core\GameBattle\GameStateSnapshot.cs(67,39): warning CS8603: 鍙兘杩斿洖 null 寮曠敤銆?[C:\Users\Humulus.MSI\Documents\Mydata\Programming\MDiceV2\MDiceV2.Core\MDiceV2.Core.csproj]
C:\Users\Humulus.MSI\Documents\Mydata\Programming\MDiceV2\MDiceV2.Core\GameBattle\GameStateSnapshot.cs(78,46): warning CS8604: 鈥淐ardSnapshot GameStateSnapshotMapper.ToCardSnapshot(Card card)鈥濅腑鐨勫舰鍙傗€渃ard鈥濆彲鑳戒紶鍏?null 寮曠敤瀹炲弬銆?[C:\Users\Humulus.MSI\Documents\Mydata\Programming\MDiceV2\MDiceV2.Core\MDiceV2.Core.csproj]
C:\Users\Humulus.MSI\Documents\Mydata\Programming\MDiceV2\MDiceV2.Core\GameBattle\GameLoader.cs(55,28): warning CS8603: 鍙兘杩斿洖 null 寮曠敤銆?[C:\Users\Humulus.MSI\Documents\Mydata\Programming\MDiceV2\MDiceV2.Core\MDiceV2.Core.csproj]
C:\Users\Humulus.MSI\Documents\Mydata\Programming\MDiceV2\MDiceV2.Core\GameBattle\GameLoader.cs(67,32): warning CS8603: 鍙兘杩斿洖 null 寮曠敤銆?[C:\Users\Humulus.MSI\Documents\Mydata\Programming\MDiceV2\MDiceV2.Core\MDiceV2.Core.csproj]
C:\Users\Humulus.MSI\Documents\Mydata\Programming\MDiceV2\MDiceV2.Core\GameBattle\GameLoader.cs(72,32): warning CS8603: 鍙兘杩斿洖 null 寮曠敤銆?[C:\Users\Humulus.MSI\Documents\Mydata\Programming\MDiceV2\MDiceV2.Core\MDiceV2.Core.csproj]
C:\Users\Humulus.MSI\Documents\Mydata\Programming\MDiceV2\MDiceV2.Core\GameBattle\GameStateSnapshot.cs(86,42): warning CS8603: 鍙兘杩斿洖 null 寮曠敤銆?[C:\Users\Humulus.MSI\Documents\Mydata\Programming\MDiceV2\MDiceV2.Core\MDiceV2.Core.csproj]
C:\Users\Humulus.MSI\Documents\Mydata\Programming\MDiceV2\MDiceV2.Core\GameBattle\GameLoader.cs(148,30): warning CS8714: 绫诲瀷鈥渟tring?鈥濅笉鑳界敤浣滄硾鍨嬬被鍨嬫垨鏂规硶鈥淓numerable.ToDictionary<TSource, TKey, TElement>(IEnumerable<TSource>, Func<TSource, TKey>, Func<TSource, TElement>)鈥濅腑鐨勭被鍨嬪弬鏁扳€淭Key鈥濄€傜被鍨嬪弬鏁扳€渟tring?鈥濈殑涓?Null 鎬т笌 "notnull" 绾︽潫涓嶅尮閰嶃€?[C:\Users\Humulus.MSI\Documents\Mydata\Programming\MDiceV2\MDiceV2.Core\MDiceV2.Core.csproj]
C:\Users\Humulus.MSI\Documents\Mydata\Programming\MDiceV2\MDiceV2.Core\GameBattle\GameLoader.cs(148,69): warning CS8621: 鈥渓ambda 琛ㄨ揪寮忊€濈殑杩斿洖绫诲瀷涓紩鐢ㄧ被鍨嬬殑涓?Null 鎬т笌鐩爣濮旀墭鈥淔unc<IGrouping<string?, Character>, string?>鈥濅笉鍖归厤(鍙兘鏄敱浜庝负 Null 鎬х壒鎬?銆?[C:\Users\Humulus.MSI\Documents\Mydata\Programming\MDiceV2\MDiceV2.Core\MDiceV2.Core.csproj]
C:\Users\Humulus.MSI\Documents\Mydata\Programming\MDiceV2\MDiceV2.Core\GameBattle\GameStateSnapshot.cs(108,40): warning CS8603: 鍙兘杩斿洖 null 寮曠敤銆?[C:\Users\Humulus.MSI\Documents\Mydata\Programming\MDiceV2\MDiceV2.Core\MDiceV2.Core.csproj]
C:\Users\Humulus.MSI\Documents\Mydata\Programming\MDiceV2\MDiceV2.Core\GameBattle\GameStateSnapshot.cs(120,46): warning CS8604: 鈥淔ieldSnapshot GameStateSnapshotMapper.ToFieldSnapshot(Field field)鈥濅腑鐨勫舰鍙傗€渇ield鈥濆彲鑳戒紶鍏?null 寮曠敤瀹炲弬銆?[C:\Users\Humulus.MSI\Documents\Mydata\Programming\MDiceV2\MDiceV2.Core\MDiceV2.Core.csproj]
C:\Users\Humulus.MSI\Documents\Mydata\Programming\MDiceV2\MDiceV2.Core\GameBattle\GameStateSnapshot.cs(121,47): warning CS8604: 鈥淔ieldSnapshot GameStateSnapshotMapper.ToFieldSnapshot(Field field)鈥濅腑鐨勫舰鍙傗€渇ield鈥濆彲鑳戒紶鍏?null 寮曠敤瀹炲弬銆?[C:\Users\Humulus.MSI\Documents\Mydata\Programming\MDiceV2\MDiceV2.Core\MDiceV2.Core.csproj]
C:\Users\Humulus.MSI\Documents\Mydata\Programming\MDiceV2\MDiceV2.Core\GameBattle\GameStateSnapshot.cs(122,45): warning CS8604: 鈥淔ieldSnapshot GameStateSnapshotMapper.ToFieldSnapshot(Field field)鈥濅腑鐨勫舰鍙傗€渇ield鈥濆彲鑳戒紶鍏?null 寮曠敤瀹炲弬銆?[C:\Users\Humulus.MSI\Documents\Mydata\Programming\MDiceV2\MDiceV2.Core\MDiceV2.Core.csproj]
C:\Users\Humulus.MSI\Documents\Mydata\Programming\MDiceV2\MDiceV2.Core\Infrastructure\LogBufferPool.cs(310,19): warning CS8618: 鍦ㄩ€€鍑烘瀯閫犲嚱鏁版椂锛屼笉鍙负 null 鐨?灞炴€?"ChannelName" 蹇呴』鍖呭惈闈?null 鍊笺€傝鑰冭檻娣诲姞 "required" 淇グ绗︽垨灏嗚 灞炴€?澹版槑涓哄彲涓?null銆?[C:\Users\Humulus.MSI\Documents\Mydata\Programming\MDiceV2\MDiceV2.Core\MDiceV2.Core.csproj]
C:\Users\Humulus.MSI\Documents\Mydata\Programming\MDiceV2\MDiceV2.Core\GameBattle\GameStateSnapshot.cs(128,42): warning CS8603: 鍙兘杩斿洖 null 寮曠敤銆?[C:\Users\Humulus.MSI\Documents\Mydata\Programming\MDiceV2\MDiceV2.Core\MDiceV2.Core.csproj]
C:\Users\Humulus.MSI\Documents\Mydata\Programming\MDiceV2\MDiceV2.Core\GameBattle\GameStateSnapshot.cs(142,34): warning CS8604: 鈥渧oid GameStateSnapshotMapper.RestoreField(Player player, Field field, FieldSnapshot snapshot)鈥濅腑鐨勫舰鍙傗€渇ield鈥濆彲鑳戒紶鍏?null 寮曠敤瀹炲弬銆?[C:\Users\Humulus.MSI\Documents\Mydata\Programming\MDiceV2\MDiceV2.Core\MDiceV2.Core.csproj]
C:\Users\Humulus.MSI\Documents\Mydata\Programming\MDiceV2\MDiceV2.Core\GameBattle\GameStateSnapshot.cs(143,34): warning CS8604: 鈥渧oid GameStateSnapshotMapper.RestoreField(Player player, Field field, FieldSnapshot snapshot)鈥濅腑鐨勫舰鍙傗€渇ield鈥濆彲鑳戒紶鍏?null 寮曠敤瀹炲弬銆?[C:\Users\Humulus.MSI\Documents\Mydata\Programming\MDiceV2\MDiceV2.Core\MDiceV2.Core.csproj]
C:\Users\Humulus.MSI\Documents\Mydata\Programming\MDiceV2\MDiceV2.Core\GameBattle\GameStateSnapshot.cs(144,34): warning CS8604: 鈥渧oid GameStateSnapshotMapper.RestoreField(Player player, Field field, FieldSnapshot snapshot)鈥濅腑鐨勫舰鍙傗€渇ield鈥濆彲鑳戒紶鍏?null 寮曠敤瀹炲弬銆?[C:\Users\Humulus.MSI\Documents\Mydata\Programming\MDiceV2\MDiceV2.Core\MDiceV2.Core.csproj]
C:\Users\Humulus.MSI\Documents\Mydata\Programming\MDiceV2\MDiceV2.Core\Infrastructure\LogBufferPool.cs(104,13): warning CS0618: 鈥淟ogBatcher.Enqueue(string)鈥濆凡杩囨椂:鈥滀娇鐢?EnqueueAsync 浠ｆ浛鈥?[C:\Users\Humulus.MSI\Documents\Mydata\Programming\MDiceV2\MDiceV2.Core\MDiceV2.Core.csproj]
C:\Users\Humulus.MSI\Documents\Mydata\Programming\MDiceV2\MDiceV2.Core\GameBattle\GameStorage.cs(48,24): warning CS8603: 鍙兘杩斿洖 null 寮曠敤銆?[C:\Users\Humulus.MSI\Documents\Mydata\Programming\MDiceV2\MDiceV2.Core\MDiceV2.Core.csproj]
C:\Users\Humulus.MSI\Documents\Mydata\Programming\MDiceV2\MDiceV2.Core\GameBattle\GameStorage.cs(52,20): warning CS8603: 鍙兘杩斿洖 null 寮曠敤銆?[C:\Users\Humulus.MSI\Documents\Mydata\Programming\MDiceV2\MDiceV2.Core\MDiceV2.Core.csproj]
C:\Users\Humulus.MSI\Documents\Mydata\Programming\MDiceV2\MDiceV2.Core\Infrastructure\LogBufferPool.cs(277,36): warning CS8618: 鍦ㄩ€€鍑烘瀯閫犲嚱鏁版椂锛屼笉鍙负 null 鐨?灞炴€?"ChannelStatistics" 蹇呴』鍖呭惈闈?null 鍊笺€傝鑰冭檻娣诲姞 "required" 淇グ绗︽垨灏嗚 灞炴€?澹版槑涓哄彲涓?null銆?[C:\Users\Humulus.MSI\Documents\Mydata\Programming\MDiceV2\MDiceV2.Core\MDiceV2.Core.csproj]
C:\Users\Humulus.MSI\Documents\Mydata\Programming\MDiceV2\MDiceV2.Core\GameBattle\GameStorage.cs(63,20): warning CS8619: 绫诲瀷鈥淟ist<string?>鈥濈殑鍊间腑寮曠敤绫诲瀷鐨勪负 Null 鎬т笌鐩爣绫诲瀷鈥淟ist<string>鈥濅笉鍖归厤銆?[C:\Users\Humulus.MSI\Documents\Mydata\Programming\MDiceV2\MDiceV2.Core\MDiceV2.Core.csproj]
C:\Users\Humulus.MSI\Documents\Mydata\Programming\MDiceV2\MDiceV2.Core\GameBattle\SkillTrigger.cs(52,23): warning CS8618: 鍦ㄩ€€鍑烘瀯閫犲嚱鏁版椂锛屼笉鍙负 null 鐨?灞炴€?"SkillId" 蹇呴』鍖呭惈闈?null 鍊笺€傝鑰冭檻娣诲姞 "required" 淇グ绗︽垨灏嗚 灞炴€?澹版槑涓哄彲涓?null銆?[C:\Users\Humulus.MSI\Documents\Mydata\Programming\MDiceV2\MDiceV2.Core\MDiceV2.Core.csproj]
C:\Users\Humulus.MSI\Documents\Mydata\Programming\MDiceV2\MDiceV2.Core\GameBattle\SkillTrigger.cs(57,23): warning CS8618: 鍦ㄩ€€鍑烘瀯閫犲嚱鏁版椂锛屼笉鍙负 null 鐨?灞炴€?"Name" 蹇呴』鍖呭惈闈?null 鍊笺€傝鑰冭檻娣诲姞 "required" 淇グ绗︽垨灏嗚 灞炴€?澹版槑涓哄彲涓?null銆?[C:\Users\Humulus.MSI\Documents\Mydata\Programming\MDiceV2\MDiceV2.Core\MDiceV2.Core.csproj]
C:\Users\Humulus.MSI\Documents\Mydata\Programming\MDiceV2\MDiceV2.Core\GameBattle\SkillTrigger.cs(62,23): warning CS8618: 鍦ㄩ€€鍑烘瀯閫犲嚱鏁版椂锛屼笉鍙负 null 鐨?灞炴€?"Description" 蹇呴』鍖呭惈闈?null 鍊笺€傝鑰冭檻娣诲姞 "required" 淇グ绗︽垨灏嗚 灞炴€?澹版槑涓哄彲涓?null銆?[C:\Users\Humulus.MSI\Documents\Mydata\Programming\MDiceV2\MDiceV2.Core\MDiceV2.Core.csproj]
C:\Users\Humulus.MSI\Documents\Mydata\Programming\MDiceV2\MDiceV2.Core\GameBattle\SkillTrigger.cs(72,23): warning CS8618: 鍦ㄩ€€鍑烘瀯閫犲嚱鏁版椂锛屼笉鍙负 null 鐨?灞炴€?"LuaFunctionName" 蹇呴』鍖呭惈闈?null 鍊笺€傝鑰冭檻娣诲姞 "required" 淇グ绗︽垨灏嗚 灞炴€?澹版槑涓哄彲涓?null銆?[C:\Users\Humulus.MSI\Documents\Mydata\Programming\MDiceV2\MDiceV2.Core\MDiceV2.Core.csproj]
C:\Users\Humulus.MSI\Documents\Mydata\Programming\MDiceV2\MDiceV2.Core\GameBattle\SkillTrigger.cs(82,23): warning CS8618: 鍦ㄩ€€鍑烘瀯閫犲嚱鏁版椂锛屼笉鍙负 null 鐨?灞炴€?"LuaScript" 蹇呴』鍖呭惈闈?null 鍊笺€傝鑰冭檻娣诲姞 "required" 淇グ绗︽垨灏嗚 灞炴€?澹版槑涓哄彲涓?null銆?[C:\Users\Humulus.MSI\Documents\Mydata\Programming\MDiceV2\MDiceV2.Core\MDiceV2.Core.csproj]
C:\Users\Humulus.MSI\Documents\Mydata\Programming\MDiceV2\MDiceV2.Core\GameBattle\GameStateSnapshot.cs(218,38): warning CS8603: 鍙兘杩斿洖 null 寮曠敤銆?[C:\Users\Humulus.MSI\Documents\Mydata\Programming\MDiceV2\MDiceV2.Core\MDiceV2.Core.csproj]
C:\Users\Humulus.MSI\Documents\Mydata\Programming\MDiceV2\MDiceV2.Core\GameBattle\GameStateSnapshot.cs(224,28): warning CS8601: 鍙兘鐨?null 寮曠敤璧嬪€笺€?[C:\Users\Humulus.MSI\Documents\Mydata\Programming\MDiceV2\MDiceV2.Core\MDiceV2.Core.csproj]
C:\Users\Humulus.MSI\Documents\Mydata\Programming\MDiceV2\MDiceV2.Core\GameBattle\GameStateSnapshot.cs(232,24): warning CS8601: 鍙兘鐨?null 寮曠敤璧嬪€笺€?[C:\Users\Humulus.MSI\Documents\Mydata\Programming\MDiceV2\MDiceV2.Core\MDiceV2.Core.csproj]
C:\Users\Humulus.MSI\Documents\Mydata\Programming\MDiceV2\MDiceV2.Core\GameBattle\GameStateSnapshot.cs(239,42): warning CS8603: 鍙兘杩斿洖 null 寮曠敤銆?[C:\Users\Humulus.MSI\Documents\Mydata\Programming\MDiceV2\MDiceV2.Core\MDiceV2.Core.csproj]
C:\Users\Humulus.MSI\Documents\Mydata\Programming\MDiceV2\MDiceV2.Core\GameBattle\GameStateSnapshot.cs(247,28): warning CS8603: 鍙兘杩斿洖 null 寮曠敤銆?[C:\Users\Humulus.MSI\Documents\Mydata\Programming\MDiceV2\MDiceV2.Core\MDiceV2.Core.csproj]
C:\Users\Humulus.MSI\Documents\Mydata\Programming\MDiceV2\MDiceV2.Core\GameBattle\GameStateSnapshot.cs(263,28): warning CS8603: 鍙兘杩斿洖 null 寮曠敤銆?[C:\Users\Humulus.MSI\Documents\Mydata\Programming\MDiceV2\MDiceV2.Core\MDiceV2.Core.csproj]
C:\Users\Humulus.MSI\Documents\Mydata\Programming\MDiceV2\MDiceV2.Core\Infrastructure\GrpcConfigSyncClient.cs(307,26): warning CS0168: 澹版槑浜嗗彉閲忊€渆x鈥濓紝浣嗕粠鏈娇鐢ㄨ繃 [C:\Users\Humulus.MSI\Documents\Mydata\Programming\MDiceV2\MDiceV2.Core\MDiceV2.Core.csproj]
C:\Users\Humulus.MSI\Documents\Mydata\Programming\MDiceV2\MDiceV2.Core\GameBattle\GameLoader.cs(371,53): warning CS8604: 鈥渂ool Dictionary<string, Character>.ContainsKey(string key)鈥濅腑鐨勫舰鍙傗€渒ey鈥濆彲鑳戒紶鍏?null 寮曠敤瀹炲弬銆?[C:\Users\Humulus.MSI\Documents\Mydata\Programming\MDiceV2\MDiceV2.Core\MDiceV2.Core.csproj]
C:\Users\Humulus.MSI\Documents\Mydata\Programming\MDiceV2\MDiceV2.Core\GameBattle\GameLoader.cs(505,52): warning CS8604: 鈥渂ool Dictionary<string, LuaSkill>.TryGetValue(string key, out LuaSkill value)鈥濅腑鐨勫舰鍙傗€渒ey鈥濆彲鑳戒紶鍏?null 寮曠敤瀹炲弬銆?[C:\Users\Humulus.MSI\Documents\Mydata\Programming\MDiceV2\MDiceV2.Core\MDiceV2.Core.csproj]
C:\Users\Humulus.MSI\Documents\Mydata\Programming\MDiceV2\MDiceV2.Core\GameBattle\GameLoader.cs(516,39): warning CS8604: 鈥淪pecialCard Dictionary<string, SpecialCard>.this[string key]鈥濅腑鐨勫舰鍙傗€渒ey鈥濆彲鑳戒紶鍏?null 寮曠敤瀹炲弬銆?[C:\Users\Humulus.MSI\Documents\Mydata\Programming\MDiceV2\MDiceV2.Core\MDiceV2.Core.csproj]
C:\Users\Humulus.MSI\Documents\Mydata\Programming\MDiceV2\MDiceV2.Core\GameBattle\TurnManager.cs(771,24): warning CS8603: 鍙兘杩斿洖 null 寮曠敤銆?[C:\Users\Humulus.MSI\Documents\Mydata\Programming\MDiceV2\MDiceV2.Core\MDiceV2.Core.csproj]
C:\Users\Humulus.MSI\Documents\Mydata\Programming\MDiceV2\MDiceV2.Core\GameBattle\GameLoader.cs(664,42): warning CS8601: 鍙兘鐨?null 寮曠敤璧嬪€笺€?[C:\Users\Humulus.MSI\Documents\Mydata\Programming\MDiceV2\MDiceV2.Core\MDiceV2.Core.csproj]
C:\Users\Humulus.MSI\Documents\Mydata\Programming\MDiceV2\MDiceV2.Core\GameBattle\GameLoader.cs(823,48): warning CS8604: 鈥渂ool Dictionary<string, LuaSkill>.TryGetValue(string key, out LuaSkill value)鈥濅腑鐨勫舰鍙傗€渒ey鈥濆彲鑳戒紶鍏?null 寮曠敤瀹炲弬銆?[C:\Users\Humulus.MSI\Documents\Mydata\Programming\MDiceV2\MDiceV2.Core\MDiceV2.Core.csproj]
C:\Users\Humulus.MSI\Documents\Mydata\Programming\MDiceV2\MDiceV2.Core\GameBattle\GameLoader.cs(843,48): warning CS8604: 鈥渂ool Dictionary<string, LuaSkill>.TryGetValue(string key, out LuaSkill value)鈥濅腑鐨勫舰鍙傗€渒ey鈥濆彲鑳戒紶鍏?null 寮曠敤瀹炲弬銆?[C:\Users\Humulus.MSI\Documents\Mydata\Programming\MDiceV2\MDiceV2.Core\MDiceV2.Core.csproj]
C:\Users\Humulus.MSI\Documents\Mydata\Programming\MDiceV2\MDiceV2.Core\GameBattle\GameLoader.cs(978,29): warning CS8600: 灏?null 鏂囨湰鎴栧彲鑳界殑 null 鍊艰浆鎹负涓嶅彲涓?null 绫诲瀷銆?[C:\Users\Humulus.MSI\Documents\Mydata\Programming\MDiceV2\MDiceV2.Core\MDiceV2.Core.csproj]
C:\Users\Humulus.MSI\Documents\Mydata\Programming\MDiceV2\MDiceV2.Core\GameBattle\GameLoader.cs(981,38): warning CS8601: 鍙兘鐨?null 寮曠敤璧嬪€笺€?[C:\Users\Humulus.MSI\Documents\Mydata\Programming\MDiceV2\MDiceV2.Core\MDiceV2.Core.csproj]
C:\Users\Humulus.MSI\Documents\Mydata\Programming\MDiceV2\MDiceV2.Core\Models\MessageDistribution.cs(1287,58): warning CS8601: 鍙兘鐨?null 寮曠敤璧嬪€笺€?[C:\Users\Humulus.MSI\Documents\Mydata\Programming\MDiceV2\MDiceV2.Core\MDiceV2.Core.csproj]
C:\Users\Humulus.MSI\Documents\Mydata\Programming\MDiceV2\MDiceV2.Core\Models\MessageDistribution.cs(1328,16): warning CS8603: 鍙兘杩斿洖 null 寮曠敤銆?[C:\Users\Humulus.MSI\Documents\Mydata\Programming\MDiceV2\MDiceV2.Core\MDiceV2.Core.csproj]
C:\Users\Humulus.MSI\Documents\Mydata\Programming\MDiceV2\MDiceV2.Core\UI\ViewModels\MainViewModel.cs(2759,48): warning CS0618: 鈥淢essageProcessor.GetInstance()鈥濆凡杩囨椂:鈥滃簲浣跨敤渚濊禆娉ㄥ叆鑰岄潪GetInstance()鈥?[C:\Users\Humulus.MSI\Documents\Mydata\Programming\MDiceV2\MDiceV2.Core\MDiceV2.Core.csproj]
C:\Users\Humulus.MSI\Documents\Mydata\Programming\MDiceV2\MDiceV2.Core\UI\ViewModels\MainViewModel.cs(2912,36): warning CS0618: 鈥淢essageProcessor.GetInstance()鈥濆凡杩囨椂:鈥滃簲浣跨敤渚濊禆娉ㄥ叆鑰岄潪GetInstance()鈥?[C:\Users\Humulus.MSI\Documents\Mydata\Programming\MDiceV2\MDiceV2.Core\MDiceV2.Core.csproj]
C:\Users\Humulus.MSI\Documents\Mydata\Programming\MDiceV2\MDiceV2.Core\UI\ViewModels\MainViewModel.cs(3168,36): warning CS0618: 鈥淢essageProcessor.GetInstance()鈥濆凡杩囨椂:鈥滃簲浣跨敤渚濊禆娉ㄥ叆鑰岄潪GetInstance()鈥?[C:\Users\Humulus.MSI\Documents\Mydata\Programming\MDiceV2\MDiceV2.Core\MDiceV2.Core.csproj]
C:\Users\Humulus.MSI\Documents\Mydata\Programming\MDiceV2\MDiceV2.Core\Infrastructure\ServiceBootstrapper.cs(494,58): warning CS0067: 浠庝笉浣跨敤浜嬩欢鈥淕rpcProxyChannel.OnMessageReceived鈥?[C:\Users\Humulus.MSI\Documents\Mydata\Programming\MDiceV2\MDiceV2.Core\MDiceV2.Core.csproj]
C:\Users\Humulus.MSI\Documents\Mydata\Programming\MDiceV2\MDiceV2.Core\UI\App.cs(146,36): warning IL3000: 'System.Reflection.Assembly.Location.get' always returns an empty string for assemblies embedded in a single-file app. If the path to the app directory is needed, consider calling 'System.AppContext.BaseDirectory'. [C:\Users\Humulus.MSI\Documents\Mydata\Programming\MDiceV2\MDiceV2.Core\MDiceV2.Core.csproj]
C:\Users\Humulus.MSI\Documents\Mydata\Programming\MDiceV2\MDiceV2.Core\UI\ViewModels\MainViewModel.cs(897,21): warning IL3000: 'System.Reflection.Assembly.Location.get' always returns an empty string for assemblies embedded in a single-file app. If the path to the app directory is needed, consider calling 'System.AppContext.BaseDirectory'. [C:\Users\Humulus.MSI\Documents\Mydata\Programming\MDiceV2\MDiceV2.Core\MDiceV2.Core.csproj]
  MDiceV2.Core -> C:\Users\Humulus.MSI\Documents\Mydata\Programming\MDiceV2\MDiceV2.Core\bin\Release\net10.0-windows\win-x64\MDiceV2.Core.dll
  Generated version 0.2.5.4125 (info: 0.2.5.4125-beta) -> obj\Release\net10.0-windows\win-x64\GeneratedVersion.g.cs
  MDiceV2.Console -> C:\Users\Humulus.MSI\Documents\Mydata\Programming\MDiceV2\MDiceV2.Console\bin\Release\net10.0-windows\win-x64\MDiceV2.Console.dll
  MDiceV2.Console -> C:\Users\Humulus.MSI\Documents\Mydata\Programming\MDiceV2\MDiceV2_Published\
  [CopyModsToOutput] Copying mods from C:\Users\Humulus.MSI\Documents\Mydata\Programming\MDiceV2\MDiceV2.Console\..\Mods to bin\Release\net10.0-windows\win-x64\mods
  Copy-Item : 鏈兘鎵惧埌璺緞鈥淐:\Users\Humulus.MSI\Documents\Mydata\Programming\MDiceV2\MDiceV2.Console\bin\Release\net10.0-
  windows\win-x64\mods\CustomizedReply鈥濈殑涓€閮ㄥ垎銆?
  鎵€鍦ㄤ綅缃?琛?1 瀛楃: 505
  + ... | Out-Null; Copy-Item -Path $srcBinDir\$modName.dll -Destination $tar ...
  +                 ~~~~~~~~~~~~~~~~~~~~~~~~~~~~~~~~~~~~~~~~~~~~~~~~~~~~~~~~~
      + CategoryInfo          : NotSpecified: (:) [Copy-Item], DirectoryNotFoundException
      + FullyQualifiedErrorId : System.IO.DirectoryNotFoundException,Microsoft.PowerShell.Commands.CopyItemCommand
   
  Copy-Item : 鏈兘鎵惧埌璺緞鈥淐:\Users\Humulus.MSI\Documents\Mydata\Programming\MDiceV2\MDiceV2.Console\bin\Release\net10.0-
  windows\win-x64\mods\CustomizedReply鈥濈殑涓€閮ㄥ垎銆?
  鎵€鍦ㄤ綅缃?琛?1 瀛楃: 607
  + ... lyContinue; Copy-Item -Path $srcBinDir\$modName.pdb -Destination $tar ...
  +                 ~~~~~~~~~~~~~~~~~~~~~~~~~~~~~~~~~~~~~~~~~~~~~~~~~~~~~~~~~
      + CategoryInfo          : NotSpecified: (:) [Copy-Item], DirectoryNotFoundException
      + FullyQualifiedErrorId : System.IO.DirectoryNotFoundException,Microsoft.PowerShell.Commands.CopyItemCommand
   
  Copied mod: CustomizedReply
Publishing Core to Core subdirectory...
  Generated version 0.2.5.4126 (info: 0.2.5.4126-beta) -> obj\Release\net10.0-windows\GeneratedVersion.g.cs
  Generated version 0.2.5.4127 (info: 0.2.5.4127-beta) -> obj\Release\net9.0\GeneratedVersion.g.cs
  MDiceV2.Interfaces -> C:\Users\Humulus.MSI\Documents\Mydata\Programming\MDiceV2\MDiceV2.Interfaces\bin\Release\net10.0-windows\MDiceV2.Interfaces.dll
  MDiceV2.Abstractions -> C:\Users\Humulus.MSI\Documents\Mydata\Programming\MDiceV2\MDiceV2.Abstractions\bin\Release\net9.0\MDiceV2.Abstractions.dll
  Generated version 0.2.5.4128 (info: 0.2.5.4128-beta) -> obj\Release\net10.0-windows\win-x64\GeneratedVersion.g.cs
C:\Users\Humulus.MSI\Documents\Mydata\Programming\MDiceV2\MDiceV2.Core\obj\Release\net10.0-windows\win-x64\Avalonia.Generators\Avalonia.Generators.NameGenerator.AvaloniaNameSourceGenerator\MDiceV2.Core.UI.Views.AdjustableConfigContainer.g.cs(12,51): warning CS0108: 鈥淎djustableConfigContainer.Title鈥濋殣钘忕户鎵跨殑鎴愬憳鈥淐onfigContainer.Title鈥濄€傚鏋滄槸鏈夋剰闅愯棌锛岃浣跨敤鍏抽敭瀛?new銆?[C:\Users\Humulus.MSI\Documents\Mydata\Programming\MDiceV2\MDiceV2.Core\MDiceV2.Core.csproj]
C:\Users\Humulus.MSI\Documents\Mydata\Programming\MDiceV2\MDiceV2.Core\obj\Release\net10.0-windows\win-x64\Avalonia.Generators\Avalonia.Generators.NameGenerator.AvaloniaNameSourceGenerator\MDiceV2.Core.UI.Views.AdjustableConfigContainer.g.cs(14,51): warning CS0108: 鈥淎djustableConfigContainer.SearchButton鈥濋殣钘忕户鎵跨殑鎴愬憳鈥淐onfigContainer.SearchButton鈥濄€傚鏋滄槸鏈夋剰闅愯棌锛岃浣跨敤鍏抽敭瀛?new銆?[C:\Users\Humulus.MSI\Documents\Mydata\Programming\MDiceV2\MDiceV2.Core\MDiceV2.Core.csproj]
C:\Users\Humulus.MSI\Documents\Mydata\Programming\MDiceV2\MDiceV2.Core\obj\Release\net10.0-windows\win-x64\Avalonia.Generators\Avalonia.Generators.NameGenerator.AvaloniaNameSourceGenerator\MDiceV2.Core.UI.Views.AdjustableConfigContainer.g.cs(18,51): warning CS0108: 鈥淎djustableConfigContainer.HelpButton鈥濋殣钘忕户鎵跨殑鎴愬憳鈥淐onfigContainer.HelpButton鈥濄€傚鏋滄槸鏈夋剰闅愯棌锛岃浣跨敤鍏抽敭瀛?new銆?[C:\Users\Humulus.MSI\Documents\Mydata\Programming\MDiceV2\MDiceV2.Core\MDiceV2.Core.csproj]
C:\Users\Humulus.MSI\Documents\Mydata\Programming\MDiceV2\MDiceV2.Core\obj\Release\net10.0-windows\win-x64\Avalonia.Generators\Avalonia.Generators.NameGenerator.AvaloniaNameSourceGenerator\MDiceV2.Core.UI.Views.AdjustableConfigContainer.g.cs(20,51): warning CS0108: 鈥淎djustableConfigContainer.SearchPanel鈥濋殣钘忕户鎵跨殑鎴愬憳鈥淐onfigContainer.SearchPanel鈥濄€傚鏋滄槸鏈夋剰闅愯棌锛岃浣跨敤鍏抽敭瀛?new銆?[C:\Users\Humulus.MSI\Documents\Mydata\Programming\MDiceV2\MDiceV2.Core\MDiceV2.Core.csproj]
C:\Users\Humulus.MSI\Documents\Mydata\Programming\MDiceV2\MDiceV2.Core\obj\Release\net10.0-windows\win-x64\Avalonia.Generators\Avalonia.Generators.NameGenerator.AvaloniaNameSourceGenerator\MDiceV2.Core.UI.Views.AdjustableConfigContainer.g.cs(22,51): warning CS0108: 鈥淎djustableConfigContainer.FillArea鈥濋殣钘忕户鎵跨殑鎴愬憳鈥淐onfigContainer.FillArea鈥濄€傚鏋滄槸鏈夋剰闅愯棌锛岃浣跨敤鍏抽敭瀛?new銆?[C:\Users\Humulus.MSI\Documents\Mydata\Programming\MDiceV2\MDiceV2.Core\MDiceV2.Core.csproj]
C:\Users\Humulus.MSI\Documents\Mydata\Programming\MDiceV2\MDiceV2.Core\obj\Release\net10.0-windows\win-x64\Avalonia.Generators\Avalonia.Generators.NameGenerator.AvaloniaNameSourceGenerator\MDiceV2.Core.UI.Views.AdjustableConfigContainer.g.cs(24,49): warning CS0108: 鈥淎djustableConfigContainer.SearchControls鈥濋殣钘忕户鎵跨殑鎴愬憳鈥淐onfigContainer.SearchControls鈥濄€傚鏋滄槸鏈夋剰闅愯棌锛岃浣跨敤鍏抽敭瀛?new銆?[C:\Users\Humulus.MSI\Documents\Mydata\Programming\MDiceV2\MDiceV2.Core\MDiceV2.Core.csproj]
C:\Users\Humulus.MSI\Documents\Mydata\Programming\MDiceV2\MDiceV2.Core\obj\Release\net10.0-windows\win-x64\Avalonia.Generators\Avalonia.Generators.NameGenerator.AvaloniaNameSourceGenerator\MDiceV2.Core.UI.Views.AdjustableConfigContainer.g.cs(38,51): warning CS0108: 鈥淎djustableConfigContainer.HelpPanel鈥濋殣钘忕户鎵跨殑鎴愬憳鈥淐onfigContainer.HelpPanel鈥濄€傚鏋滄槸鏈夋剰闅愯棌锛岃浣跨敤鍏抽敭瀛?new銆?[C:\Users\Humulus.MSI\Documents\Mydata\Programming\MDiceV2\MDiceV2.Core\MDiceV2.Core.csproj]
C:\Users\Humulus.MSI\Documents\Mydata\Programming\MDiceV2\MDiceV2.Core\obj\Release\net10.0-windows\win-x64\Avalonia.Generators\Avalonia.Generators.NameGenerator.AvaloniaNameSourceGenerator\MDiceV2.Core.UI.Views.AdjustableConfigContainer.g.cs(40,51): warning CS0108: 鈥淎djustableConfigContainer.HelpFillArea鈥濋殣钘忕户鎵跨殑鎴愬憳鈥淐onfigContainer.HelpFillArea鈥濄€傚鏋滄槸鏈夋剰闅愯棌锛岃浣跨敤鍏抽敭瀛?new銆?[C:\Users\Humulus.MSI\Documents\Mydata\Programming\MDiceV2\MDiceV2.Core\MDiceV2.Core.csproj]
C:\Users\Humulus.MSI\Documents\Mydata\Programming\MDiceV2\MDiceV2.Core\obj\Release\net10.0-windows\win-x64\Avalonia.Generators\Avalonia.Generators.NameGenerator.AvaloniaNameSourceGenerator\MDiceV2.Core.UI.Views.AdjustableConfigContainer.g.cs(42,49): warning CS0108: 鈥淎djustableConfigContainer.HelpContent鈥濋殣钘忕户鎵跨殑鎴愬憳鈥淐onfigContainer.HelpContent鈥濄€傚鏋滄槸鏈夋剰闅愯棌锛岃浣跨敤鍏抽敭瀛?new銆?[C:\Users\Humulus.MSI\Documents\Mydata\Programming\MDiceV2\MDiceV2.Core\MDiceV2.Core.csproj]
C:\Users\Humulus.MSI\Documents\Mydata\Programming\MDiceV2\MDiceV2.Core\obj\Release\net10.0-windows\win-x64\Avalonia.Generators\Avalonia.Generators.NameGenerator.AvaloniaNameSourceGenerator\MDiceV2.Core.UI.Views.AdjustableConfigContainer.g.cs(44,54): warning CS0108: 鈥淎djustableConfigContainer.HelpTextBlock鈥濋殣钘忕户鎵跨殑鎴愬憳鈥淐onfigContainer.HelpTextBlock鈥濄€傚鏋滄槸鏈夋剰闅愯棌锛岃浣跨敤鍏抽敭瀛?new銆?[C:\Users\Humulus.MSI\Documents\Mydata\Programming\MDiceV2\MDiceV2.Core\MDiceV2.Core.csproj]
C:\Users\Humulus.MSI\Documents\Mydata\Programming\MDiceV2\MDiceV2.Core\obj\Release\net10.0-windows\win-x64\Avalonia.Generators\Avalonia.Generators.NameGenerator.AvaloniaNameSourceGenerator\MDiceV2.Core.UI.Views.AdjustableConfigContainer.g.cs(55,21): warning CS0108: 鈥淎djustableConfigContainer.InitializeComponent(bool)鈥濋殣钘忕户鎵跨殑鎴愬憳鈥淐onfigContainer.InitializeComponent(bool)鈥濄€傚鏋滄槸鏈夋剰闅愯棌锛岃浣跨敤鍏抽敭瀛?new銆?[C:\Users\Humulus.MSI\Documents\Mydata\Programming\MDiceV2\MDiceV2.Core\MDiceV2.Core.csproj]
C:\Users\Humulus.MSI\Documents\Mydata\Programming\MDiceV2\MDiceV2.Core\GameBattle\TurnManager.cs(44,24): warning CS8603: 鍙兘杩斿洖 null 寮曠敤銆?[C:\Users\Humulus.MSI\Documents\Mydata\Programming\MDiceV2\MDiceV2.Core\MDiceV2.Core.csproj]
C:\Users\Humulus.MSI\Documents\Mydata\Programming\MDiceV2\MDiceV2.Core\GameBattle\TurnManager.cs(49,24): warning CS8603: 鍙兘杩斿洖 null 寮曠敤銆?[C:\Users\Humulus.MSI\Documents\Mydata\Programming\MDiceV2\MDiceV2.Core\MDiceV2.Core.csproj]
C:\Users\Humulus.MSI\Documents\Mydata\Programming\MDiceV2\MDiceV2.Core\GameBattle\AIController.cs(92,47): warning CS8604: 鈥淟ist<string> AIController.PlaceCharacterRandomly(CharacterCard card)鈥濅腑鐨勫舰鍙傗€渃ard鈥濆彲鑳戒紶鍏?null 寮曠敤瀹炲弬銆?[C:\Users\Humulus.MSI\Documents\Mydata\Programming\MDiceV2\MDiceV2.Core\MDiceV2.Core.csproj]
C:\Users\Humulus.MSI\Documents\Mydata\Programming\MDiceV2\MDiceV2.Core\Models\GlobalRandom.cs(22,46): warning CS8603: 鍙兘杩斿洖 null 寮曠敤銆?[C:\Users\Humulus.MSI\Documents\Mydata\Programming\MDiceV2\MDiceV2.Core\MDiceV2.Core.csproj]
C:\Users\Humulus.MSI\Documents\Mydata\Programming\MDiceV2\MDiceV2.Core\GameBattle\GameLoader.cs(55,28): warning CS8603: 鍙兘杩斿洖 null 寮曠敤銆?[C:\Users\Humulus.MSI\Documents\Mydata\Programming\MDiceV2\MDiceV2.Core\MDiceV2.Core.csproj]
C:\Users\Humulus.MSI\Documents\Mydata\Programming\MDiceV2\MDiceV2.Core\GameBattle\GameLoader.cs(67,32): warning CS8603: 鍙兘杩斿洖 null 寮曠敤銆?[C:\Users\Humulus.MSI\Documents\Mydata\Programming\MDiceV2\MDiceV2.Core\MDiceV2.Core.csproj]
C:\Users\Humulus.MSI\Documents\Mydata\Programming\MDiceV2\MDiceV2.Core\GameBattle\GameLoader.cs(72,32): warning CS8603: 鍙兘杩斿洖 null 寮曠敤銆?[C:\Users\Humulus.MSI\Documents\Mydata\Programming\MDiceV2\MDiceV2.Core\MDiceV2.Core.csproj]
C:\Users\Humulus.MSI\Documents\Mydata\Programming\MDiceV2\MDiceV2.Core\GameBattle\TurnManager.cs(178,77): warning CS8604: 鈥渟tring TurnManager.FormatCharacterInfo(Character character)鈥濅腑鐨勫舰鍙傗€渃haracter鈥濆彲鑳戒紶鍏?null 寮曠敤瀹炲弬銆?[C:\Users\Humulus.MSI\Documents\Mydata\Programming\MDiceV2\MDiceV2.Core\MDiceV2.Core.csproj]
C:\Users\Humulus.MSI\Documents\Mydata\Programming\MDiceV2\MDiceV2.Core\Models\GlobalMessageQueue.cs(152,65): warning CS8604: 鈥渧oid Action<object>.Invoke(object obj)鈥濅腑鐨勫舰鍙傗€渙bj鈥濆彲鑳戒紶鍏?null 寮曠敤瀹炲弬銆?[C:\Users\Humulus.MSI\Documents\Mydata\Programming\MDiceV2\MDiceV2.Core\MDiceV2.Core.csproj]
C:\Users\Humulus.MSI\Documents\Mydata\Programming\MDiceV2\MDiceV2.Core\Models\GlobalMessageQueue.cs(43,38): warning CS8618: 鍦ㄩ€€鍑烘瀯閫犲嚱鏁版椂锛屼笉鍙负 null 鐨?灞炴€?"Instance" 蹇呴』鍖呭惈闈?null 鍊笺€傝鑰冭檻娣诲姞 "required" 淇グ绗︽垨灏嗚 灞炴€?澹版槑涓哄彲涓?null銆?[C:\Users\Humulus.MSI\Documents\Mydata\Programming\MDiceV2\MDiceV2.Core\MDiceV2.Core.csproj]
C:\Users\Humulus.MSI\Documents\Mydata\Programming\MDiceV2\MDiceV2.Core\GameBattle\GameStateSnapshot.cs(55,23): warning CS8618: 鍦ㄩ€€鍑烘瀯閫犲嚱鏁版椂锛屼笉鍙负 null 鐨?灞炴€?"Name" 蹇呴』鍖呭惈闈?null 鍊笺€傝鑰冭檻娣诲姞 "required" 淇グ绗︽垨灏嗚 灞炴€?澹版槑涓哄彲涓?null銆?[C:\Users\Humulus.MSI\Documents\Mydata\Programming\MDiceV2\MDiceV2.Core\MDiceV2.Core.csproj]
C:\Users\Humulus.MSI\Documents\Mydata\Programming\MDiceV2\MDiceV2.Core\GameBattle\GameStateSnapshot.cs(12,23): warning CS8618: 鍦ㄩ€€鍑烘瀯閫犲嚱鏁版椂锛屼笉鍙负 null 鐨?灞炴€?"Player2Id" 蹇呴』鍖呭惈闈?null 鍊笺€傝鑰冭檻娣诲姞 "required" 淇グ绗︽垨灏嗚 灞炴€?澹版槑涓哄彲涓?null銆?[C:\Users\Humulus.MSI\Documents\Mydata\Programming\MDiceV2\MDiceV2.Core\MDiceV2.Core.csproj]
C:\Users\Humulus.MSI\Documents\Mydata\Programming\MDiceV2\MDiceV2.Core\GameBattle\GameStateSnapshot.cs(14,23): warning CS8618: 鍦ㄩ€€鍑烘瀯閫犲嚱鏁版椂锛屼笉鍙负 null 鐨?灞炴€?"CurrentWeather" 蹇呴』鍖呭惈闈?null 鍊笺€傝鑰冭檻娣诲姞 "required" 淇グ绗︽垨灏嗚 灞炴€?澹版槑涓哄彲涓?null銆?[C:\Users\Humulus.MSI\Documents\Mydata\Programming\MDiceV2\MDiceV2.Core\MDiceV2.Core.csproj]
C:\Users\Humulus.MSI\Documents\Mydata\Programming\MDiceV2\MDiceV2.Core\GameBattle\GameStateSnapshot.cs(19,29): warning CS8618: 鍦ㄩ€€鍑烘瀯閫犲嚱鏁版椂锛屼笉鍙负 null 鐨?灞炴€?"PendingCard" 蹇呴』鍖呭惈闈?null 鍊笺€傝鑰冭檻娣诲姞 "required" 淇グ绗︽垨灏嗚 灞炴€?澹版槑涓哄彲涓?null銆?[C:\Users\Humulus.MSI\Documents\Mydata\Programming\MDiceV2\MDiceV2.Core\MDiceV2.Core.csproj]
C:\Users\Humulus.MSI\Documents\Mydata\Programming\MDiceV2\MDiceV2.Core\GameBattle\GameStateSnapshot.cs(20,31): warning CS8618: 鍦ㄩ€€鍑烘瀯閫犲嚱鏁版椂锛屼笉鍙负 null 鐨?灞炴€?"Player1" 蹇呴』鍖呭惈闈?null 鍊笺€傝鑰冭檻娣诲姞 "required" 淇グ绗︽垨灏嗚 灞炴€?澹版槑涓哄彲涓?null銆?[C:\Users\Humulus.MSI\Documents\Mydata\Programming\MDiceV2\MDiceV2.Core\MDiceV2.Core.csproj]
C:\Users\Humulus.MSI\Documents\Mydata\Programming\MDiceV2\MDiceV2.Core\GameBattle\GameStateSnapshot.cs(21,31): warning CS8618: 鍦ㄩ€€鍑烘瀯閫犲嚱鏁版椂锛屼笉鍙负 null 鐨?灞炴€?"Player2" 蹇呴』鍖呭惈闈?null 鍊笺€傝鑰冭檻娣诲姞 "required" 淇グ绗︽垨灏嗚 灞炴€?澹版槑涓哄彲涓?null銆?[C:\Users\Humulus.MSI\Documents\Mydata\Programming\MDiceV2\MDiceV2.Core\MDiceV2.Core.csproj]
C:\Users\Humulus.MSI\Documents\Mydata\Programming\MDiceV2\MDiceV2.Core\Infrastructure\ConfigSyncServer.cs(478,41): warning CS8601: 鍙兘鐨?null 寮曠敤璧嬪€笺€?[C:\Users\Humulus.MSI\Documents\Mydata\Programming\MDiceV2\MDiceV2.Core\MDiceV2.Core.csproj]
C:\Users\Humulus.MSI\Documents\Mydata\Programming\MDiceV2\MDiceV2.Core\GameBattle\GameStateSnapshot.cs(67,39): warning CS8603: 鍙兘杩斿洖 null 寮曠敤銆?[C:\Users\Humulus.MSI\Documents\Mydata\Programming\MDiceV2\MDiceV2.Core\MDiceV2.Core.csproj]
C:\Users\Humulus.MSI\Documents\Mydata\Programming\MDiceV2\MDiceV2.Core\GameBattle\GameStateSnapshot.cs(78,46): warning CS8604: 鈥淐ardSnapshot GameStateSnapshotMapper.ToCardSnapshot(Card card)鈥濅腑鐨勫舰鍙傗€渃ard鈥濆彲鑳戒紶鍏?null 寮曠敤瀹炲弬銆?[C:\Users\Humulus.MSI\Documents\Mydata\Programming\MDiceV2\MDiceV2.Core\MDiceV2.Core.csproj]
C:\Users\Humulus.MSI\Documents\Mydata\Programming\MDiceV2\MDiceV2.Core\Infrastructure\ConfigSyncServer.cs(484,45): warning CS8601: 鍙兘鐨?null 寮曠敤璧嬪€笺€?[C:\Users\Humulus.MSI\Documents\Mydata\Programming\MDiceV2\MDiceV2.Core\MDiceV2.Core.csproj]
C:\Users\Humulus.MSI\Documents\Mydata\Programming\MDiceV2\MDiceV2.Core\GameBattle\TurnManager.cs(227,44): warning CS8604: 鈥渂ool Player.AddCharacterToField(Character character, FieldType fieldType)鈥濅腑鐨勫舰鍙傗€渃haracter鈥濆彲鑳戒紶鍏?null 寮曠敤瀹炲弬銆?[C:\Users\Humulus.MSI\Documents\Mydata\Programming\MDiceV2\MDiceV2.Core\MDiceV2.Core.csproj]
C:\Users\Humulus.MSI\Documents\Mydata\Programming\MDiceV2\MDiceV2.Core\GameBattle\GameStateSnapshot.cs(86,42): warning CS8603: 鍙兘杩斿洖 null 寮曠敤銆?[C:\Users\Humulus.MSI\Documents\Mydata\Programming\MDiceV2\MDiceV2.Core\MDiceV2.Core.csproj]
C:\Users\Humulus.MSI\Documents\Mydata\Programming\MDiceV2\MDiceV2.Core\GameBattle\GameStateSnapshot.cs(108,40): warning CS8603: 鍙兘杩斿洖 null 寮曠敤銆?[C:\Users\Humulus.MSI\Documents\Mydata\Programming\MDiceV2\MDiceV2.Core\MDiceV2.Core.csproj]
C:\Users\Humulus.MSI\Documents\Mydata\Programming\MDiceV2\MDiceV2.Core\GameBattle\GameStateSnapshot.cs(120,46): warning CS8604: 鈥淔ieldSnapshot GameStateSnapshotMapper.ToFieldSnapshot(Field field)鈥濅腑鐨勫舰鍙傗€渇ield鈥濆彲鑳戒紶鍏?null 寮曠敤瀹炲弬銆?[C:\Users\Humulus.MSI\Documents\Mydata\Programming\MDiceV2\MDiceV2.Core\MDiceV2.Core.csproj]
C:\Users\Humulus.MSI\Documents\Mydata\Programming\MDiceV2\MDiceV2.Core\GameBattle\GameStateSnapshot.cs(121,47): warning CS8604: 鈥淔ieldSnapshot GameStateSnapshotMapper.ToFieldSnapshot(Field field)鈥濅腑鐨勫舰鍙傗€渇ield鈥濆彲鑳戒紶鍏?null 寮曠敤瀹炲弬銆?[C:\Users\Humulus.MSI\Documents\Mydata\Programming\MDiceV2\MDiceV2.Core\MDiceV2.Core.csproj]
C:\Users\Humulus.MSI\Documents\Mydata\Programming\MDiceV2\MDiceV2.Core\GameBattle\GameStateSnapshot.cs(122,45): warning CS8604: 鈥淔ieldSnapshot GameStateSnapshotMapper.ToFieldSnapshot(Field field)鈥濅腑鐨勫舰鍙傗€渇ield鈥濆彲鑳戒紶鍏?null 寮曠敤瀹炲弬銆?[C:\Users\Humulus.MSI\Documents\Mydata\Programming\MDiceV2\MDiceV2.Core\MDiceV2.Core.csproj]
C:\Users\Humulus.MSI\Documents\Mydata\Programming\MDiceV2\MDiceV2.Core\GameBattle\GameLoader.cs(148,30): warning CS8714: 绫诲瀷鈥渟tring?鈥濅笉鑳界敤浣滄硾鍨嬬被鍨嬫垨鏂规硶鈥淓numerable.ToDictionary<TSource, TKey, TElement>(IEnumerable<TSource>, Func<TSource, TKey>, Func<TSource, TElement>)鈥濅腑鐨勭被鍨嬪弬鏁扳€淭Key鈥濄€傜被鍨嬪弬鏁扳€渟tring?鈥濈殑涓?Null 鎬т笌 "notnull" 绾︽潫涓嶅尮閰嶃€?[C:\Users\Humulus.MSI\Documents\Mydata\Programming\MDiceV2\MDiceV2.Core\MDiceV2.Core.csproj]
C:\Users\Humulus.MSI\Documents\Mydata\Programming\MDiceV2\MDiceV2.Core\GameBattle\GameLoader.cs(148,69): warning CS8621: 鈥渓ambda 琛ㄨ揪寮忊€濈殑杩斿洖绫诲瀷涓紩鐢ㄧ被鍨嬬殑涓?Null 鎬т笌鐩爣濮旀墭鈥淔unc<IGrouping<string?, Character>, string?>鈥濅笉鍖归厤(鍙兘鏄敱浜庝负 Null 鎬х壒鎬?銆?[C:\Users\Humulus.MSI\Documents\Mydata\Programming\MDiceV2\MDiceV2.Core\MDiceV2.Core.csproj]
C:\Users\Humulus.MSI\Documents\Mydata\Programming\MDiceV2\MDiceV2.Core\GameBattle\GameStorage.cs(48,24): warning CS8603: 鍙兘杩斿洖 null 寮曠敤銆?[C:\Users\Humulus.MSI\Documents\Mydata\Programming\MDiceV2\MDiceV2.Core\MDiceV2.Core.csproj]
C:\Users\Humulus.MSI\Documents\Mydata\Programming\MDiceV2\MDiceV2.Core\GameBattle\GameStorage.cs(52,20): warning CS8603: 鍙兘杩斿洖 null 寮曠敤銆?[C:\Users\Humulus.MSI\Documents\Mydata\Programming\MDiceV2\MDiceV2.Core\MDiceV2.Core.csproj]
C:\Users\Humulus.MSI\Documents\Mydata\Programming\MDiceV2\MDiceV2.Core\GameBattle\GameStateSnapshot.cs(128,42): warning CS8603: 鍙兘杩斿洖 null 寮曠敤銆?[C:\Users\Humulus.MSI\Documents\Mydata\Programming\MDiceV2\MDiceV2.Core\MDiceV2.Core.csproj]
C:\Users\Humulus.MSI\Documents\Mydata\Programming\MDiceV2\MDiceV2.Core\GameBattle\GameStateSnapshot.cs(142,34): warning CS8604: 鈥渧oid GameStateSnapshotMapper.RestoreField(Player player, Field field, FieldSnapshot snapshot)鈥濅腑鐨勫舰鍙傗€渇ield鈥濆彲鑳戒紶鍏?null 寮曠敤瀹炲弬銆?[C:\Users\Humulus.MSI\Documents\Mydata\Programming\MDiceV2\MDiceV2.Core\MDiceV2.Core.csproj]
C:\Users\Humulus.MSI\Documents\Mydata\Programming\MDiceV2\MDiceV2.Core\GameBattle\GameStateSnapshot.cs(143,34): warning CS8604: 鈥渧oid GameStateSnapshotMapper.RestoreField(Player player, Field field, FieldSnapshot snapshot)鈥濅腑鐨勫舰鍙傗€渇ield鈥濆彲鑳戒紶鍏?null 寮曠敤瀹炲弬銆?[C:\Users\Humulus.MSI\Documents\Mydata\Programming\MDiceV2\MDiceV2.Core\MDiceV2.Core.csproj]
C:\Users\Humulus.MSI\Documents\Mydata\Programming\MDiceV2\MDiceV2.Core\GameBattle\GameStateSnapshot.cs(144,34): warning CS8604: 鈥渧oid GameStateSnapshotMapper.RestoreField(Player player, Field field, FieldSnapshot snapshot)鈥濅腑鐨勫舰鍙傗€渇ield鈥濆彲鑳戒紶鍏?null 寮曠敤瀹炲弬銆?[C:\Users\Humulus.MSI\Documents\Mydata\Programming\MDiceV2\MDiceV2.Core\MDiceV2.Core.csproj]
C:\Users\Humulus.MSI\Documents\Mydata\Programming\MDiceV2\MDiceV2.Core\GameBattle\GameStorage.cs(63,20): warning CS8619: 绫诲瀷鈥淟ist<string?>鈥濈殑鍊间腑寮曠敤绫诲瀷鐨勪负 Null 鎬т笌鐩爣绫诲瀷鈥淟ist<string>鈥濅笉鍖归厤銆?[C:\Users\Humulus.MSI\Documents\Mydata\Programming\MDiceV2\MDiceV2.Core\MDiceV2.Core.csproj]
C:\Users\Humulus.MSI\Documents\Mydata\Programming\MDiceV2\MDiceV2.Core\Infrastructure\ConfigSyncDispatcher.cs(63,41): warning CS8604: 鈥淭ask Func<string, string, Task>.Invoke(string arg1, string arg2)鈥濅腑鐨勫舰鍙傗€渁rg2鈥濆彲鑳戒紶鍏?null 寮曠敤瀹炲弬銆?[C:\Users\Humulus.MSI\Documents\Mydata\Programming\MDiceV2\MDiceV2.Core\MDiceV2.Core.csproj]
C:\Users\Humulus.MSI\Documents\Mydata\Programming\MDiceV2\MDiceV2.Core\Infrastructure\ConfigSyncDispatcher.cs(86,44): warning CS8604: 鈥淭ask Func<string, string, Task>.Invoke(string arg1, string arg2)鈥濅腑鐨勫舰鍙傗€渁rg2鈥濆彲鑳戒紶鍏?null 寮曠敤瀹炲弬銆?[C:\Users\Humulus.MSI\Documents\Mydata\Programming\MDiceV2\MDiceV2.Core\MDiceV2.Core.csproj]
C:\Users\Humulus.MSI\Documents\Mydata\Programming\MDiceV2\MDiceV2.Core\GameBattle\GameStateSnapshot.cs(29,23): warning CS8618: 鍦ㄩ€€鍑烘瀯閫犲嚱鏁版椂锛屼笉鍙负 null 鐨?灞炴€?"Name" 蹇呴』鍖呭惈闈?null 鍊笺€傝鑰冭檻娣诲姞 "required" 淇グ绗︽垨灏嗚 灞炴€?澹版槑涓哄彲涓?null銆?[C:\Users\Humulus.MSI\Documents\Mydata\Programming\MDiceV2\MDiceV2.Core\MDiceV2.Core.csproj]
C:\Users\Humulus.MSI\Documents\Mydata\Programming\MDiceV2\MDiceV2.Core\GameBattle\SkillTrigger.cs(52,23): warning CS8618: 鍦ㄩ€€鍑烘瀯閫犲嚱鏁版椂锛屼笉鍙负 null 鐨?灞炴€?"SkillId" 蹇呴』鍖呭惈闈?null 鍊笺€傝鑰冭檻娣诲姞 "required" 淇グ绗︽垨灏嗚 灞炴€?澹版槑涓哄彲涓?null銆?[C:\Users\Humulus.MSI\Documents\Mydata\Programming\MDiceV2\MDiceV2.Core\MDiceV2.Core.csproj]
C:\Users\Humulus.MSI\Documents\Mydata\Programming\MDiceV2\MDiceV2.Core\GameBattle\SkillTrigger.cs(57,23): warning CS8618: 鍦ㄩ€€鍑烘瀯閫犲嚱鏁版椂锛屼笉鍙负 null 鐨?灞炴€?"Name" 蹇呴』鍖呭惈闈?null 鍊笺€傝鑰冭檻娣诲姞 "required" 淇グ绗︽垨灏嗚 灞炴€?澹版槑涓哄彲涓?null銆?[C:\Users\Humulus.MSI\Documents\Mydata\Programming\MDiceV2\MDiceV2.Core\MDiceV2.Core.csproj]
C:\Users\Humulus.MSI\Documents\Mydata\Programming\MDiceV2\MDiceV2.Core\GameBattle\SkillTrigger.cs(62,23): warning CS8618: 鍦ㄩ€€鍑烘瀯閫犲嚱鏁版椂锛屼笉鍙负 null 鐨?灞炴€?"Description" 蹇呴』鍖呭惈闈?null 鍊笺€傝鑰冭檻娣诲姞 "required" 淇グ绗︽垨灏嗚 灞炴€?澹版槑涓哄彲涓?null銆?[C:\Users\Humulus.MSI\Documents\Mydata\Programming\MDiceV2\MDiceV2.Core\MDiceV2.Core.csproj]
C:\Users\Humulus.MSI\Documents\Mydata\Programming\MDiceV2\MDiceV2.Core\GameBattle\SkillTrigger.cs(72,23): warning CS8618: 鍦ㄩ€€鍑烘瀯閫犲嚱鏁版椂锛屼笉鍙负 null 鐨?灞炴€?"LuaFunctionName" 蹇呴』鍖呭惈闈?null 鍊笺€傝鑰冭檻娣诲姞 "required" 淇グ绗︽垨灏嗚 灞炴€?澹版槑涓哄彲涓?null銆?[C:\Users\Humulus.MSI\Documents\Mydata\Programming\MDiceV2\MDiceV2.Core\MDiceV2.Core.csproj]
C:\Users\Humulus.MSI\Documents\Mydata\Programming\MDiceV2\MDiceV2.Core\GameBattle\SkillTrigger.cs(82,23): warning CS8618: 鍦ㄩ€€鍑烘瀯閫犲嚱鏁版椂锛屼笉鍙负 null 鐨?灞炴€?"LuaScript" 蹇呴』鍖呭惈闈?null 鍊笺€傝鑰冭檻娣诲姞 "required" 淇グ绗︽垨灏嗚 灞炴€?澹版槑涓哄彲涓?null銆?[C:\Users\Humulus.MSI\Documents\Mydata\Programming\MDiceV2\MDiceV2.Core\MDiceV2.Core.csproj]
C:\Users\Humulus.MSI\Documents\Mydata\Programming\MDiceV2\MDiceV2.Core\GameBattle\GameStateSnapshot.cs(218,38): warning CS8603: 鍙兘杩斿洖 null 寮曠敤銆?[C:\Users\Humulus.MSI\Documents\Mydata\Programming\MDiceV2\MDiceV2.Core\MDiceV2.Core.csproj]
C:\Users\Humulus.MSI\Documents\Mydata\Programming\MDiceV2\MDiceV2.Core\GameBattle\GameStateSnapshot.cs(224,28): warning CS8601: 鍙兘鐨?null 寮曠敤璧嬪€笺€?[C:\Users\Humulus.MSI\Documents\Mydata\Programming\MDiceV2\MDiceV2.Core\MDiceV2.Core.csproj]
C:\Users\Humulus.MSI\Documents\Mydata\Programming\MDiceV2\MDiceV2.Core\GameBattle\GameStateSnapshot.cs(232,24): warning CS8601: 鍙兘鐨?null 寮曠敤璧嬪€笺€?[C:\Users\Humulus.MSI\Documents\Mydata\Programming\MDiceV2\MDiceV2.Core\MDiceV2.Core.csproj]
C:\Users\Humulus.MSI\Documents\Mydata\Programming\MDiceV2\MDiceV2.Core\GameBattle\GameStateSnapshot.cs(239,42): warning CS8603: 鍙兘杩斿洖 null 寮曠敤銆?[C:\Users\Humulus.MSI\Documents\Mydata\Programming\MDiceV2\MDiceV2.Core\MDiceV2.Core.csproj]
C:\Users\Humulus.MSI\Documents\Mydata\Programming\MDiceV2\MDiceV2.Core\GameBattle\GameStateSnapshot.cs(247,28): warning CS8603: 鍙兘杩斿洖 null 寮曠敤銆?[C:\Users\Humulus.MSI\Documents\Mydata\Programming\MDiceV2\MDiceV2.Core\MDiceV2.Core.csproj]
C:\Users\Humulus.MSI\Documents\Mydata\Programming\MDiceV2\MDiceV2.Core\GameBattle\GameStateSnapshot.cs(263,28): warning CS8603: 鍙兘杩斿洖 null 寮曠敤銆?[C:\Users\Humulus.MSI\Documents\Mydata\Programming\MDiceV2\MDiceV2.Core\MDiceV2.Core.csproj]
C:\Users\Humulus.MSI\Documents\Mydata\Programming\MDiceV2\MDiceV2.Core\Infrastructure\LogBufferPool.cs(310,19): warning CS8618: 鍦ㄩ€€鍑烘瀯閫犲嚱鏁版椂锛屼笉鍙负 null 鐨?灞炴€?"ChannelName" 蹇呴』鍖呭惈闈?null 鍊笺€傝鑰冭檻娣诲姞 "required" 淇グ绗︽垨灏嗚 灞炴€?澹版槑涓哄彲涓?null銆?[C:\Users\Humulus.MSI\Documents\Mydata\Programming\MDiceV2\MDiceV2.Core\MDiceV2.Core.csproj]
C:\Users\Humulus.MSI\Documents\Mydata\Programming\MDiceV2\MDiceV2.Core\UI\Views\ConfigContainer.axaml.cs(275,54): warning CS0253: 鍙兘闈炴湁鎰忕殑寮曠敤姣旇緝锛涜嫢瑕佽幏鍙栧€兼瘮杈冿紝璇峰皢鍙宠竟杞崲涓虹被鍨嬧€渟tring鈥?[C:\Users\Humulus.MSI\Documents\Mydata\Programming\MDiceV2\MDiceV2.Core\MDiceV2.Core.csproj]
C:\Users\Humulus.MSI\Documents\Mydata\Programming\MDiceV2\MDiceV2.Core\Infrastructure\LogBufferPool.cs(104,13): warning CS0618: 鈥淟ogBatcher.Enqueue(string)鈥濆凡杩囨椂:鈥滀娇鐢?EnqueueAsync 浠ｆ浛鈥?[C:\Users\Humulus.MSI\Documents\Mydata\Programming\MDiceV2\MDiceV2.Core\MDiceV2.Core.csproj]
C:\Users\Humulus.MSI\Documents\Mydata\Programming\MDiceV2\MDiceV2.Core\Infrastructure\LogBufferPool.cs(277,36): warning CS8618: 鍦ㄩ€€鍑烘瀯閫犲嚱鏁版椂锛屼笉鍙负 null 鐨?灞炴€?"ChannelStatistics" 蹇呴』鍖呭惈闈?null 鍊笺€傝鑰冭檻娣诲姞 "required" 淇グ绗︽垨灏嗚 灞炴€?澹版槑涓哄彲涓?null銆?[C:\Users\Humulus.MSI\Documents\Mydata\Programming\MDiceV2\MDiceV2.Core\MDiceV2.Core.csproj]
C:\Users\Humulus.MSI\Documents\Mydata\Programming\MDiceV2\MDiceV2.Core\GameBattle\GameLoader.cs(371,53): warning CS8604: 鈥渂ool Dictionary<string, Character>.ContainsKey(string key)鈥濅腑鐨勫舰鍙傗€渒ey鈥濆彲鑳戒紶鍏?null 寮曠敤瀹炲弬銆?[C:\Users\Humulus.MSI\Documents\Mydata\Programming\MDiceV2\MDiceV2.Core\MDiceV2.Core.csproj]
C:\Users\Humulus.MSI\Documents\Mydata\Programming\MDiceV2\MDiceV2.Core\GameBattle\GameLoader.cs(505,52): warning CS8604: 鈥渂ool Dictionary<string, LuaSkill>.TryGetValue(string key, out LuaSkill value)鈥濅腑鐨勫舰鍙傗€渒ey鈥濆彲鑳戒紶鍏?null 寮曠敤瀹炲弬銆?[C:\Users\Humulus.MSI\Documents\Mydata\Programming\MDiceV2\MDiceV2.Core\MDiceV2.Core.csproj]
C:\Users\Humulus.MSI\Documents\Mydata\Programming\MDiceV2\MDiceV2.Core\GameBattle\GameLoader.cs(516,39): warning CS8604: 鈥淪pecialCard Dictionary<string, SpecialCard>.this[string key]鈥濅腑鐨勫舰鍙傗€渒ey鈥濆彲鑳戒紶鍏?null 寮曠敤瀹炲弬銆?[C:\Users\Humulus.MSI\Documents\Mydata\Programming\MDiceV2\MDiceV2.Core\MDiceV2.Core.csproj]
C:\Users\Humulus.MSI\Documents\Mydata\Programming\MDiceV2\MDiceV2.Core\Infrastructure\GrpcConfigSyncClient.cs(307,26): warning CS0168: 澹版槑浜嗗彉閲忊€渆x鈥濓紝浣嗕粠鏈娇鐢ㄨ繃 [C:\Users\Humulus.MSI\Documents\Mydata\Programming\MDiceV2\MDiceV2.Core\MDiceV2.Core.csproj]
C:\Users\Humulus.MSI\Documents\Mydata\Programming\MDiceV2\MDiceV2.Core\GameBattle\GameLoader.cs(664,42): warning CS8601: 鍙兘鐨?null 寮曠敤璧嬪€笺€?[C:\Users\Humulus.MSI\Documents\Mydata\Programming\MDiceV2\MDiceV2.Core\MDiceV2.Core.csproj]
C:\Users\Humulus.MSI\Documents\Mydata\Programming\MDiceV2\MDiceV2.Core\GameBattle\TurnManager.cs(771,24): warning CS8603: 鍙兘杩斿洖 null 寮曠敤銆?[C:\Users\Humulus.MSI\Documents\Mydata\Programming\MDiceV2\MDiceV2.Core\MDiceV2.Core.csproj]
C:\Users\Humulus.MSI\Documents\Mydata\Programming\MDiceV2\MDiceV2.Core\GameBattle\GameLoader.cs(823,48): warning CS8604: 鈥渂ool Dictionary<string, LuaSkill>.TryGetValue(string key, out LuaSkill value)鈥濅腑鐨勫舰鍙傗€渒ey鈥濆彲鑳戒紶鍏?null 寮曠敤瀹炲弬銆?[C:\Users\Humulus.MSI\Documents\Mydata\Programming\MDiceV2\MDiceV2.Core\MDiceV2.Core.csproj]
C:\Users\Humulus.MSI\Documents\Mydata\Programming\MDiceV2\MDiceV2.Core\GameBattle\GameLoader.cs(843,48): warning CS8604: 鈥渂ool Dictionary<string, LuaSkill>.TryGetValue(string key, out LuaSkill value)鈥濅腑鐨勫舰鍙傗€渒ey鈥濆彲鑳戒紶鍏?null 寮曠敤瀹炲弬銆?[C:\Users\Humulus.MSI\Documents\Mydata\Programming\MDiceV2\MDiceV2.Core\MDiceV2.Core.csproj]
C:\Users\Humulus.MSI\Documents\Mydata\Programming\MDiceV2\MDiceV2.Core\GameBattle\GameLoader.cs(978,29): warning CS8600: 灏?null 鏂囨湰鎴栧彲鑳界殑 null 鍊艰浆鎹负涓嶅彲涓?null 绫诲瀷銆?[C:\Users\Humulus.MSI\Documents\Mydata\Programming\MDiceV2\MDiceV2.Core\MDiceV2.Core.csproj]
C:\Users\Humulus.MSI\Documents\Mydata\Programming\MDiceV2\MDiceV2.Core\GameBattle\GameLoader.cs(981,38): warning CS8601: 鍙兘鐨?null 寮曠敤璧嬪€笺€?[C:\Users\Humulus.MSI\Documents\Mydata\Programming\MDiceV2\MDiceV2.Core\MDiceV2.Core.csproj]
C:\Users\Humulus.MSI\Documents\Mydata\Programming\MDiceV2\MDiceV2.Core\Models\MessageDistribution.cs(1287,58): warning CS8601: 鍙兘鐨?null 寮曠敤璧嬪€笺€?[C:\Users\Humulus.MSI\Documents\Mydata\Programming\MDiceV2\MDiceV2.Core\MDiceV2.Core.csproj]
C:\Users\Humulus.MSI\Documents\Mydata\Programming\MDiceV2\MDiceV2.Core\Models\MessageDistribution.cs(1328,16): warning CS8603: 鍙兘杩斿洖 null 寮曠敤銆?[C:\Users\Humulus.MSI\Documents\Mydata\Programming\MDiceV2\MDiceV2.Core\MDiceV2.Core.csproj]
C:\Users\Humulus.MSI\Documents\Mydata\Programming\MDiceV2\MDiceV2.Core\UI\ViewModels\MainViewModel.cs(2759,48): warning CS0618: 鈥淢essageProcessor.GetInstance()鈥濆凡杩囨椂:鈥滃簲浣跨敤渚濊禆娉ㄥ叆鑰岄潪GetInstance()鈥?[C:\Users\Humulus.MSI\Documents\Mydata\Programming\MDiceV2\MDiceV2.Core\MDiceV2.Core.csproj]
C:\Users\Humulus.MSI\Documents\Mydata\Programming\MDiceV2\MDiceV2.Core\UI\ViewModels\MainViewModel.cs(2912,36): warning CS0618: 鈥淢essageProcessor.GetInstance()鈥濆凡杩囨椂:鈥滃簲浣跨敤渚濊禆娉ㄥ叆鑰岄潪GetInstance()鈥?[C:\Users\Humulus.MSI\Documents\Mydata\Programming\MDiceV2\MDiceV2.Core\MDiceV2.Core.csproj]
C:\Users\Humulus.MSI\Documents\Mydata\Programming\MDiceV2\MDiceV2.Core\UI\ViewModels\MainViewModel.cs(3168,36): warning CS0618: 鈥淢essageProcessor.GetInstance()鈥濆凡杩囨椂:鈥滃簲浣跨敤渚濊禆娉ㄥ叆鑰岄潪GetInstance()鈥?[C:\Users\Humulus.MSI\Documents\Mydata\Programming\MDiceV2\MDiceV2.Core\MDiceV2.Core.csproj]
C:\Users\Humulus.MSI\Documents\Mydata\Programming\MDiceV2\MDiceV2.Core\Infrastructure\ServiceBootstrapper.cs(494,58): warning CS0067: 浠庝笉浣跨敤浜嬩欢鈥淕rpcProxyChannel.OnMessageReceived鈥?[C:\Users\Humulus.MSI\Documents\Mydata\Programming\MDiceV2\MDiceV2.Core\MDiceV2.Core.csproj]
C:\Users\Humulus.MSI\Documents\Mydata\Programming\MDiceV2\MDiceV2.Core\UI\App.cs(146,36): warning IL3000: 'System.Reflection.Assembly.Location.get' always returns an empty string for assemblies embedded in a single-file app. If the path to the app directory is needed, consider calling 'System.AppContext.BaseDirectory'. [C:\Users\Humulus.MSI\Documents\Mydata\Programming\MDiceV2\MDiceV2.Core\MDiceV2.Core.csproj]
C:\Users\Humulus.MSI\Documents\Mydata\Programming\MDiceV2\MDiceV2.Core\UI\ViewModels\MainViewModel.cs(897,21): warning IL3000: 'System.Reflection.Assembly.Location.get' always returns an empty string for assemblies embedded in a single-file app. If the path to the app directory is needed, consider calling 'System.AppContext.BaseDirectory'. [C:\Users\Humulus.MSI\Documents\Mydata\Programming\MDiceV2\MDiceV2.Core\MDiceV2.Core.csproj]
  MDiceV2.Core -> C:\Users\Humulus.MSI\Documents\Mydata\Programming\MDiceV2\MDiceV2.Core\bin\Release\net10.0-windows\win-x64\MDiceV2.Core.dll
  MDiceV2.Core -> C:\Users\Humulus.MSI\Documents\Mydata\Programming\MDiceV2\MDiceV2_Published\Core\
Copying mods to output directory...
  Copied mod: CustomizedReply
Organizing dependencies...
  Core directory: keeping all DLLs together for Avalonia framework
Packaging CustomizedReply Mod...
  Copied CustomizedReply.dll
  Copied mod.json
  Copied data.json
? CustomizedReply mod packaged: CustomizedReplyPackV4128.zip
Version found from Core.Dice: 0.2.5.4128-beta
Creating GitHub release...
Release: UpdatePackageV57 (Tag: 0.2.5.4128-beta)
Uploading Core.Dice to release...
? Core.Dice uploaded to release
Uploading CustomizedReply Mod to release...
? CustomizedReply Mod uploaded to release
Release URL: https://github.com/HumulusQ/MDiceV2Public/releases/tag/0.2.5.4128-beta

? Publish complete!
